From Date,CO,Ozone
01-01-2020 0:00,None,None
01-01-2020 8:00,None,None
01-01-2020 16:00,None,None
02-01-2020 0:00,None,None
02-01-2020 8:00,None,None
02-01-2020 16:00,0.91,21.82
03-01-2020 0:00,0.68,18.88
03-01-2020 8:00,0.97,25.26
03-01-2020 16:00,1.18,25.1
04-01-2020 0:00,0.81,25.14
04-01-2020 8:00,1.21,29
04-01-2020 16:00,4.09,32.46
05-01-2020 0:00,1.04,33.01
05-01-2020 8:00,0.95,31.4
05-01-2020 16:00,1.21,30.47
06-01-2020 0:00,None,None
06-01-2020 8:00,0.96,24.18
06-01-2020 16:00,1.16,27
07-01-2020 0:00,0.98,23.17
07-01-2020 8:00,0.9,32.73
07-01-2020 16:00,1.08,32.4
08-01-2020 0:00,0.9,23.57
08-01-2020 8:00,0.97,28.39
08-01-2020 16:00,1.09,34.14
09-01-2020 0:00,0.91,25.49
09-01-2020 8:00,1.09,32.84
09-01-2020 16:00,1.31,33.72
10-01-2020 0:00,None,None
10-01-2020 8:00,1.02,32.36
10-01-2020 16:00,0.93,31.63
11-01-2020 0:00,0.91,27.22
11-01-2020 8:00,1.01,34.7
11-01-2020 16:00,1.1,40.52
12-01-2020 0:00,0.98,40.42
12-01-2020 8:00,0.98,49.29
12-01-2020 16:00,0.85,40.27
13-01-2020 00:00,None,None
13-01-2020 08:00,None,None
13-01-2020 16:00,None,None
14-01-2020 00:00,None,None
14-01-2020 08:00,None,None
14-01-2020 16:00,None,None
15-01-2020 00:00,None,None
15-01-2020 08:00,None,None
15-01-2020 16:00,None,None
16-01-2020 00:00,None,None
16-01-2020 08:00,None,None
16-01-2020 16:00,0.68,16.18
17-01-2020 00:00,0.62,17.43
17-01-2020 08:00,0.95,24.29
17-01-2020 16:00,2.03,30.83
18-01-2020 00:00,0.95,20.06
18-01-2020 08:00,1,25.81
18-01-2020 16:00,1.06,39.43
19-01-2020 00:00,0.86,39.64
19-01-2020 08:00,0.91,39.18
19-01-2020 16:00,1.09,39.81
20-01-2020 00:00,0.96,21.27
20-01-2020 08:00,0.99,29.01
20-01-2020 16:00,1.28,40.17
21-01-2020 00:00,1.09,27.39
21-01-2020 08:00,1.11,27.3
21-01-2020 16:00,1.25,33.68
22-01-2020 00:00,0.96,25.33
22-01-2020 08:00,1.08,32.07
22-01-2020 16:00,1.23,38.88
23-01-2020 00:00,1.04,27.94
23-01-2020 08:00,1.08,33.59
23-01-2020 16:00,1.16,41.78
24-01-2020 00:00,1.05,41.22
24-01-2020 08:00,1.06,50.15
24-01-2020 16:00,1.29,33.74
25-01-2020 00:00,1.38,29.4
25-01-2020 08:00,1.13,30.53
25-01-2020 16:00,1.25,29.34
26-01-2020 00:00,1.36,23.1
26-01-2020 08:00,1.17,29.48
26-01-2020 16:00,1.33,31.42
27-01-2020 00:00,2.29,24.55
27-01-2020 08:00,1.5,27.44
27-01-2020 16:00,None,None
28-01-2020 00:00,None,None
28-01-2020 08:00,1.41,25.02
28-01-2020 16:00,1.76,24.8
29-01-2020 00:00,1.23,24.97
29-01-2020 08:00,1.49,25.78
29-01-2020 16:00,1.36,25.17
30-01-2020 00:00,2.2,24.5
30-01-2020 08:00,1.6,24.7
30-01-2020 16:00,2.02,24.9
31-01-2020 00:00,1.13,25.07
31-01-2020 08:00,1.49,36.38
31-01-2020 16:00,1.24,38.73
01-02-2020 0:00,0.93,38.11
01-02-2020 8:00,0.97,41.94
01-02-2020 16:00,1.08,41.01
02-02-2020 0:00,0.85,30.43
02-02-2020 8:00,0.89,31.26
02-02-2020 16:00,1.03,26.59
03-02-2020 0:00,0.82,22.85
03-02-2020 8:00,1,27.47
03-02-2020 16:00,1.17,38.62
04-02-2020 0:00,0.97,38.3
04-02-2020 8:00,0.95,42.6
04-02-2020 16:00,1.25,32.58
05-02-2020 0:00,0.94,32.98
05-02-2020 8:00,1.05,36.78
05-02-2020 16:00,1.1,32.67
06-02-2020 0:00,1.18,31.12
06-02-2020 8:00,1.48,36.56
06-02-2020 16:00,1.27,31.18
07-02-2020 0:00,0.98,26.47
07-02-2020 8:00,1.16,30.2
07-02-2020 16:00,1.57,43.08
08-02-2020 0:00,1.06,22.16
08-02-2020 8:00,1.22,32.89
08-02-2020 16:00,1.79,42.99
09-02-2020 0:00,0.9,44.09
09-02-2020 8:00,0.97,43.72
09-02-2020 16:00,1,42.06
10-02-2020 0:00,0.96,26.2
10-02-2020 8:00,0.97,34.22
10-02-2020 16:00,1.1,41.37
11-02-2020 0:00,0.98,29.15
11-02-2020 8:00,0.96,37.47
11-02-2020 16:00,1.2,36.6
12-02-2020 0:00,0.88,25.5
12-02-2020 8:00,1.03,28.88
12-02-2020 16:00,1.14,39.04
13-02-2020 00:00,1.06,38.84
13-02-2020 08:00,1.1,39.12
13-02-2020 16:00,1.63,38.08
14-02-2020 00:00,1.07,39.12
14-02-2020 08:00,1.74,43.31
14-02-2020 16:00,2.56,38.92
15-02-2020 00:00,1.37,28.26
15-02-2020 08:00,1.28,33.19
15-02-2020 16:00,2.15,40.19
16-02-2020 00:00,0.98,26.42
16-02-2020 08:00,0.99,32.62
16-02-2020 16:00,1.35,41.03
17-02-2020 00:00,1.07,41.12
17-02-2020 08:00,1.16,47.79
17-02-2020 16:00,2.02,52.98
18-02-2020 00:00,1.19,53.42
18-02-2020 08:00,1.07,58.48
18-02-2020 16:00,1.18,39.41
19-02-2020 00:00,1.03,27.95
19-02-2020 08:00,1.06,36.21
19-02-2020 16:00,1.01,39.14
20-02-2020 00:00,0.95,24.36
20-02-2020 08:00,1.06,30.49
20-02-2020 16:00,1.04,35.56
21-02-2020 00:00,0.98,34.76
21-02-2020 08:00,0.89,38.53
21-02-2020 16:00,0.95,41.48
22-02-2020 00:00,0.99,39.33
22-02-2020 08:00,0.91,42.92
22-02-2020 16:00,1.01,43.63
23-02-2020 00:00,0.95,26.23
23-02-2020 08:00,0.98,33.82
23-02-2020 16:00,1.06,40.27
24-02-2020 00:00,0.95,24.09
24-02-2020 08:00,1.05,32.9
24-02-2020 16:00,1.18,38.81
25-02-2020 00:00,0.96,34.22
25-02-2020 08:00,1.14,42.1
25-02-2020 16:00,1.17,38.82
26-02-2020 00:00,1.05,29.98
26-02-2020 08:00,1.11,39.3
26-02-2020 16:00,1.12,36.16
27-02-2020 00:00,1.03,26.27
27-02-2020 08:00,1.11,35.12
27-02-2020 16:00,1.51,40.47
28-02-2020 00:00,1.07,23.94
28-02-2020 08:00,1.12,30.3
28-02-2020 16:00,1.42,37.81
29-02-2020 00:00,1.14,37.33
29-02-2020 08:00,1.06,40.8
29-02-2020 16:00,1.38,41.12
01-03-2020 0:00,1.04,41.57
01-03-2020 8:00,1.06,51.82
01-03-2020 16:00,1.14,55.49
02-03-2020 0:00,1.01,29.55
02-03-2020 8:00,1.4,33.44
02-03-2020 16:00,2.06,33.05
03-03-2020 0:00,1.03,23.51
03-03-2020 8:00,1.54,31.98
03-03-2020 16:00,3.05,35.73
04-03-2020 0:00,1.12,36.81
04-03-2020 8:00,2.07,41.87
04-03-2020 16:00,2.9,40.12
05-03-2020 0:00,1.14,24.35
05-03-2020 8:00,1.47,32.1
05-03-2020 16:00,1.63,41.72
06-03-2020 0:00,1.2,44.34
06-03-2020 8:00,1.26,56.57
06-03-2020 16:00,1.51,62.79
07-03-2020 0:00,1.05,29.69
07-03-2020 8:00,1.3,31.82
07-03-2020 16:00,1.37,31.68
08-03-2020 0:00,1.26,23.67
08-03-2020 8:00,1.07,27.76
08-03-2020 16:00,1.01,42.48
09-03-2020 0:00,0.98,27.31
09-03-2020 8:00,1.3,36.33
09-03-2020 16:00,1.16,39.68
10-03-2020 0:00,0.94,39.2
10-03-2020 8:00,1.33,38.28
10-03-2020 16:00,1.04,32.92
11-03-2020 0:00,1.39,24.91
11-03-2020 8:00,1.35,33.94
11-03-2020 16:00,1.07,32.11
12-03-2020 0:00,1.18,9.44
12-03-2020 8:00,1.32,31.14
12-03-2020 16:00,1.12,36.47
13-03-2020 00:00,1.21,8.55
13-03-2020 08:00,1.05,35.75
13-03-2020 16:00,1.08,30.91
14-03-2020 00:00,0.98,11.13
14-03-2020 08:00,1.01,36.29
14-03-2020 16:00,1.08,19.07
15-03-2020 00:00,1.03,10.3
15-03-2020 08:00,0.94,25.07
15-03-2020 16:00,1.07,39.31
16-03-2020 00:00,0.8,9.81
16-03-2020 08:00,0.91,32.56
16-03-2020 16:00,0.98,45.5
17-03-2020 00:00,0.95,22.34
17-03-2020 08:00,0.79,39.48
17-03-2020 16:00,1,36.56
18-03-2020 00:00,0.92,23.36
18-03-2020 08:00,0.91,40.68
18-03-2020 16:00,1.05,53.73
19-03-2020 00:00,1.18,36.7
19-03-2020 08:00,1.26,45.44
19-03-2020 16:00,1.21,42.77
20-03-2020 00:00,1.12,22.79
20-03-2020 08:00,1.2,39.09
20-03-2020 16:00,1.33,63.39
21-03-2020 00:00,1.14,23.85
21-03-2020 08:00,1.33,29.8
21-03-2020 16:00,1.86,31.76
22-03-2020 00:00,0.95,24.32
22-03-2020 08:00,0.79,25.07
22-03-2020 16:00,1.02,24.51
23-03-2020 00:00,0.93,24.47
23-03-2020 08:00,1.07,35.35
23-03-2020 16:00,1.86,28.17
24-03-2020 00:00,1.17,15.01
24-03-2020 08:00,0.86,37.84
24-03-2020 16:00,0.89,44.36
25-03-2020 00:00,0.87,44.13
25-03-2020 08:00,0.78,45.11
25-03-2020 16:00,0.81,43.71
26-03-2020 00:00,0.97,28.65
26-03-2020 08:00,0.86,37.41
26-03-2020 16:00,0.79,44.59
27-03-2020 00:00,0.88,44.03
27-03-2020 08:00,0.82,44.12
27-03-2020 16:00,0.84,44.37
28-03-2020 00:00,0.86,24.72
28-03-2020 08:00,0.78,26.04
28-03-2020 16:00,0.83,43.26
29-03-2020 00:00,1.03,29.33
29-03-2020 08:00,None,None
29-03-2020 16:00,0.84,41.69
30-03-2020 00:00,None,None
30-03-2020 08:00,0.8,43.57
30-03-2020 16:00,0.83,45
31-03-2020 00:00,0.92,25.27
31-03-2020 08:00,0.8,31.54
31-03-2020 16:00,0.89,44.86
01-04-2020 0:00,0.98,28.73
01-04-2020 8:00,0.74,27.38
01-04-2020 16:00,0.87,27.28
02-04-2020 0:00,0.95,25.17
02-04-2020 8:00,0.51,37.99
02-04-2020 16:00,0.32,44.57
03-04-2020 0:00,0.35,44.69
03-04-2020 8:00,0.3,44.82
03-04-2020 16:00,0.28,40.92
04-04-2020 0:00,0.32,26.15
04-04-2020 8:00,0.3,33.41
04-04-2020 16:00,0.3,44.69
05-04-2020 0:00,0.3,24.57
05-04-2020 8:00,0.28,36.56
05-04-2020 16:00,0.34,41.76
06-04-2020 0:00,0.34,27.03
06-04-2020 8:00,0.35,29.39
06-04-2020 16:00,0.37,44.01
07-04-2020 0:00,0.28,27.14
07-04-2020 8:00,0.3,31.85
07-04-2020 16:00,0.42,33.41
08-04-2020 0:00,0.32,24.06
08-04-2020 8:00,0.41,37.78
08-04-2020 16:00,0.63,39.38
09-04-2020 0:00,0.63,27.67
09-04-2020 8:00,0.61,39.12
09-04-2020 16:00,0.53,41.91
10-04-2020 0:00,0.55,24.12
10-04-2020 8:00,0.45,37.76
10-04-2020 16:00,0.5,42.51
11-04-2020 0:00,0.52,24.17
11-04-2020 8:00,0.43,34.44
11-04-2020 16:00,0.53,32.79
12-04-2020 0:00,0.56,25.74
12-04-2020 8:00,0.47,35.43
12-04-2020 16:00,0.52,41.32
13-04-2020 00:00,0.83,24.97
13-04-2020 08:00,0.52,35.94
13-04-2020 16:00,0.54,38.18
14-04-2020 00:00,0.81,27.28
14-04-2020 08:00,0.42,36.62
14-04-2020 16:00,0.49,38.81
15-04-2020 00:00,0.62,26.84
15-04-2020 08:00,0.5,40.05
15-04-2020 16:00,0.55,39.9
16-04-2020 00:00,0.56,25.91
16-04-2020 08:00,0.46,34.57
16-04-2020 16:00,0.59,42.92
17-04-2020 00:00,0.57,26.4
17-04-2020 08:00,0.59,35.3
17-04-2020 16:00,0.62,41.63
18-04-2020 00:00,0.54,26.27
18-04-2020 08:00,0.56,39.97
18-04-2020 16:00,0.59,39.17
19-04-2020 00:00,0.6,27.8
19-04-2020 08:00,0.48,36.31
19-04-2020 16:00,0.48,45.26
20-04-2020 00:00,0.48,28.15
20-04-2020 08:00,0.47,37.55
20-04-2020 16:00,0.49,45.59
21-04-2020 00:00,0.56,28.31
21-04-2020 08:00,0.46,36.5
21-04-2020 16:00,0.64,45.38
22-04-2020 00:00,0.55,28.94
22-04-2020 08:00,0.5,33.22
22-04-2020 16:00,0.54,44.96
23-04-2020 00:00,0.61,27.37
23-04-2020 08:00,0.62,31.6
23-04-2020 16:00,0.64,41.84
24-04-2020 00:00,None,None
24-04-2020 08:00,0.52,40.25
24-04-2020 16:00,0.86,44.38
25-04-2020 00:00,0.48,26.4
25-04-2020 08:00,0.51,35.32
25-04-2020 16:00,0.63,34.2
26-04-2020 00:00,0.53,24.51
26-04-2020 08:00,0.42,32.69
26-04-2020 16:00,0.48,39.25
27-04-2020 00:00,0.45,24.79
27-04-2020 08:00,0.57,36.43
27-04-2020 16:00,0.67,39.81
28-04-2020 00:00,0.49,24.89
28-04-2020 08:00,0.46,36.7
28-04-2020 16:00,0.43,34.97
29-04-2020 00:00,0.39,24.94
29-04-2020 08:00,0.58,34.3
29-04-2020 16:00,0.74,39.7
30-04-2020 00:00,0.88,26.7
30-04-2020 08:00,0.43,38.15
30-04-2020 16:00,0.78,38.91
01-05-2020 0:00,0.55,24.65
01-05-2020 8:00,0.38,45.81
01-05-2020 16:00,0.53,42.4
02-05-2020 0:00,0.48,24.97
02-05-2020 8:00,0.52,36.2
02-05-2020 16:00,0.63,36.15
03-05-2020 0:00,0.58,26.18
03-05-2020 8:00,0.44,40.61
03-05-2020 16:00,0.63,44.66
04-05-2020 0:00,0.47,25.42
04-05-2020 8:00,0.56,37.85
04-05-2020 16:00,0.8,44.82
05-05-2020 0:00,0.67,45.15
05-05-2020 8:00,0.69,45.33
05-05-2020 16:00,0.49,33.15
06-05-2020 0:00,0.5,25
06-05-2020 8:00,0.68,36.33
06-05-2020 16:00,0.64,34.29
07-05-2020 0:00,0.52,26.82
07-05-2020 8:00,0.82,38.61
07-05-2020 16:00,0.59,45.12
08-05-2020 0:00,0.41,44.52
08-05-2020 8:00,0.44,44.66
08-05-2020 16:00,1.02,36.44
09-05-2020 0:00,0.59,23.89
09-05-2020 8:00,0.46,36.12
09-05-2020 16:00,0.44,36.47
10-05-2020 0:00,0.41,25.57
10-05-2020 8:00,0.38,40.95
10-05-2020 16:00,0.47,42.76
11-05-2020 0:00,0.36,25.8
11-05-2020 8:00,0.45,25.54
11-05-2020 16:00,0.45,20.86
12-05-2020 0:00,0.38,5.9
12-05-2020 8:00,0.44,20.95
12-05-2020 16:00,0.48,25.95
13-05-2020 00:00,0.42,25.31
13-05-2020 08:00,0.6,26.05
13-05-2020 16:00,0.63,25.28
14-05-2020 00:00,0.48,15.85
14-05-2020 08:00,0.67,30.03
14-05-2020 16:00,0.54,35.41
15-05-2020 00:00,0.37,16
15-05-2020 08:00,0.54,30.21
15-05-2020 16:00,0.68,33.39
16-05-2020 00:00,0.54,15.58
16-05-2020 08:00,0.89,30.85
16-05-2020 16:00,1.37,36.08
17-05-2020 00:00,0.61,21.95
17-05-2020 08:00,0.89,26.42
17-05-2020 16:00,0.76,34.45
18-05-2020 00:00,0.47,17.34
18-05-2020 08:00,1.03,28.74
18-05-2020 16:00,0.85,28.82
19-05-2020 00:00,0.29,15.72
19-05-2020 08:00,0.87,31.75
19-05-2020 16:00,0.83,43.7
20-05-2020 00:00,0.3,27.67
20-05-2020 08:00,0.72,41.29
20-05-2020 16:00,0.75,42.42
21-05-2020 00:00,0.42,25.84
21-05-2020 08:00,0.76,39.6
21-05-2020 16:00,0.71,40.72
22-05-2020 00:00,0.33,27.66
22-05-2020 08:00,0.85,31.9
22-05-2020 16:00,0.64,45.92
23-05-2020 00:00,0.36,34.73
23-05-2020 08:00,0.88,32.8
23-05-2020 16:00,0.76,45.22
24-05-2020 00:00,0.34,30.01
24-05-2020 08:00,0.31,38.45
24-05-2020 16:00,0.65,39.63
25-05-2020 00:00,0.41,39.09
25-05-2020 08:00,0.77,44.15
25-05-2020 16:00,1.13,49.61
26-05-2020 00:00,0.35,48.55
26-05-2020 08:00,0.67,50.65
26-05-2020 16:00,0.55,40.55
27-05-2020 00:00,None,39.2
27-05-2020 08:00,0.65,40.1
27-05-2020 16:00,0.97,38.39
28-05-2020 00:00,0.46,27.62
28-05-2020 08:00,0.85,36.64
28-05-2020 16:00,0.81,36.27
29-05-2020 00:00,0.43,18.62
29-05-2020 08:00,0.91,16.79
29-05-2020 16:00,0.71,18.26
30-05-2020 00:00,0.39,18.65
30-05-2020 08:00,1.03,28.63
30-05-2020 16:00,0.46,31.23
31-05-2020 00:00,0.57,18.25
31-05-2020 08:00,0.37,28.37
31-05-2020 16:00,0.5,26.69
01-06-2020 0:00,0.41,18.27
01-06-2020 8:00,0.48,33.62
01-06-2020 16:00,0.52,26.02
02-06-2020 0:00,0.35,16.16
02-06-2020 8:00,0.44,29.98
02-06-2020 16:00,0.49,26.38
03-06-2020 0:00,0.17,16.37
03-06-2020 8:00,0.38,15.29
03-06-2020 16:00,0.57,15.64
04-06-2020 0:00,0.32,16.22
04-06-2020 8:00,0.54,19.97
04-06-2020 16:00,0.77,27.53
05-06-2020 0:00,0.24,13.81
05-06-2020 8:00,0.61,25.53
05-06-2020 16:00,0.7,22.09
06-06-2020 0:00,0.3,16.12
06-06-2020 8:00,0.71,22.33
06-06-2020 16:00,0.63,24.11
07-06-2020 0:00,0.33,14.04
07-06-2020 8:00,0.55,13.1
07-06-2020 16:00,0.63,13.39
08-06-2020 0:00,0.7,13.96
08-06-2020 8:00,0.9,20.85
08-06-2020 16:00,0.84,23.08
09-06-2020 0:00,0.28,18.44
09-06-2020 8:00,0.83,23.67
09-06-2020 16:00,0.77,32.78
10-06-2020 0:00,0.29,18.79
10-06-2020 8:00,0.97,26.26
10-06-2020 16:00,0.68,24.54
11-06-2020 0:00,0.26,13.9
11-06-2020 8:00,0.93,13.25
11-06-2020 16:00,0.89,13.78
12-06-2020 0:00,0.68,14.19
12-06-2020 8:00,0.8,18.79
12-06-2020 16:00,0.75,23.4
13-06-2020 00:00,0.32,14.14
13-06-2020 08:00,0.62,19.49
13-06-2020 16:00,0.64,24.73
14-06-2020 00:00,0.24,14.48
14-06-2020 08:00,0.48,15.95
14-06-2020 16:00,0.6,15.34
15-06-2020 00:00,0.26,15.4
15-06-2020 08:00,0.64,26.95
15-06-2020 16:00,0.73,23.61
16-06-2020 00:00,0.23,17.54
16-06-2020 08:00,0.57,25.89
16-06-2020 16:00,0.76,35.62
17-06-2020 00:00,0.5,18.01
17-06-2020 08:00,0.82,17.02
17-06-2020 16:00,0.46,7.12
18-06-2020 00:00,0.41,7.76
18-06-2020 08:00,0.68,19.73
18-06-2020 16:00,0.85,14.55
19-06-2020 00:00,0.39,7.46
19-06-2020 08:00,0.79,8.67
19-06-2020 16:00,0.82,35.75
20-06-2020 00:00,0.27,15.38
20-06-2020 08:00,0.85,15.9
20-06-2020 16:00,1.09,15.57
21-06-2020 00:00,0.35,15.51
21-06-2020 08:00,0.41,15.9
21-06-2020 16:00,0.62,15.88
22-06-2020 00:00,0.32,15.83
22-06-2020 08:00,0.88,15.72
22-06-2020 16:00,1.27,13.13
23-06-2020 00:00,0.37,7.79
23-06-2020 08:00,0.72,26.53
23-06-2020 16:00,0.85,39.86
24-06-2020 00:00,0.42,26.37
24-06-2020 08:00,0.85,34.97
24-06-2020 16:00,0.47,29.58
25-06-2020 00:00,0.52,25.66
25-06-2020 08:00,0.92,33.84
25-06-2020 16:00,0.97,27.51
26-06-2020 00:00,0.88,26.86
26-06-2020 08:00,1.01,28.61
26-06-2020 16:00,None,None
27-06-2020 00:00,None,None
27-06-2020 08:00,None,None
27-06-2020 16:00,None,None
28-06-2020 00:00,None,None
28-06-2020 08:00,None,None
28-06-2020 16:00,None,None
29-06-2020 00:00,None,None
29-06-2020 08:00,None,None
29-06-2020 16:00,0.62,41.47
30-06-2020 00:00,None,26.15
30-06-2020 08:00,None,28.2
30-06-2020 16:00,0.9,39.34
01-07-2020 0:00,0.24,27.04
01-07-2020 8:00,0.46,34.75
01-07-2020 16:00,0.5,36.94
02-07-2020 0:00,0.24,25.39
02-07-2020 8:00,0.52,31.51
02-07-2020 16:00,0.66,32.75
03-07-2020 0:00,0.23,25.82
03-07-2020 8:00,0.46,39.27
03-07-2020 16:00,0.57,40.73
04-07-2020 0:00,0.25,24.94
04-07-2020 8:00,0.51,25.24
04-07-2020 16:00,0.56,32.19
05-07-2020 0:00,0.25,26.61
05-07-2020 8:00,0.26,29.6
05-07-2020 16:00,0.27,42.54
06-07-2020 0:00,0.23,28.36
06-07-2020 8:00,0.62,30.9
06-07-2020 16:00,0.61,29.24
07-07-2020 0:00,0.3,20.59
07-07-2020 8:00,0.47,33.98
07-07-2020 16:00,1.01,38.52
08-07-2020 0:00,1.13,21.08
08-07-2020 8:00,1.13,31.98
08-07-2020 16:00,1.37,43.33
09-07-2020 0:00,0.83,22.64
09-07-2020 8:00,1.05,21.32
09-07-2020 16:00,0.84,35.14
10-07-2020 0:00,1.19,23.8
10-07-2020 8:00,0.55,30.26
10-07-2020 16:00,0.41,30.6
11-07-2020 0:00,0.61,25.88
11-07-2020 8:00,0.55,39.16
11-07-2020 16:00,0.48,40.45
12-07-2020 0:00,0.26,25.63
12-07-2020 8:00,0.31,34.59
12-07-2020 16:00,0.45,35.24
13-07-2020 00:00,0.69,23.76
13-07-2020 08:00,0.64,37.62
13-07-2020 16:00,1.15,38.56
14-07-2020 00:00,0.48,23.75
14-07-2020 08:00,0.95,30.39
14-07-2020 16:00,1.13,29.16
15-07-2020 00:00,0.92,24.37
15-07-2020 08:00,0.58,28.99
15-07-2020 16:00,0.41,29.28
16-07-2020 00:00,0.5,25.6
16-07-2020 08:00,0.5,25.48
16-07-2020 16:00,0.48,24.86
17-07-2020 00:00,0.5,22.2
17-07-2020 08:00,0.5,26.22
17-07-2020 16:00,0.5,31.85
18-07-2020 00:00,0.51,22.47
18-07-2020 08:00,0.5,28.73
18-07-2020 16:00,0.5,29.29
19-07-2020 00:00,0.5,22.27
19-07-2020 08:00,0.51,22.71
19-07-2020 16:00,0.47,21.71
20-07-2020 00:00,0.4,22
20-07-2020 08:00,1.92,35.57
20-07-2020 16:00,0.83,38.74
21-07-2020 00:00,0.31,22.97
21-07-2020 08:00,0.36,32.29
21-07-2020 16:00,0.4,35.59
22-07-2020 00:00,0.4,25.91
22-07-2020 08:00,0.33,32.68
22-07-2020 16:00,0.34,34.63
23-07-2020 00:00,0.4,26.21
23-07-2020 08:00,0.48,37.61
23-07-2020 16:00,0.61,43.08
24-07-2020 00:00,0.42,27.01
24-07-2020 08:00,0.44,31.99
24-07-2020 16:00,0.6,34.22
25-07-2020 00:00,0.61,34.53
25-07-2020 08:00,0.67,36.98
25-07-2020 16:00,0.61,45.24
26-07-2020 00:00,0.48,25.94
26-07-2020 08:00,0.46,29.06
26-07-2020 16:00,0.43,30.07
27-07-2020 00:00,0.36,21.99
27-07-2020 08:00,0.37,29.99
27-07-2020 16:00,0.38,36.2
28-07-2020 00:00,0.41,26.07
28-07-2020 08:00,0.61,35.98
28-07-2020 16:00,0.52,41.3
29-07-2020 00:00,0.51,34.77
29-07-2020 08:00,0.57,40.17
29-07-2020 16:00,0.7,43.3
30-07-2020 00:00,0.54,27.48
30-07-2020 08:00,0.38,30.1
30-07-2020 16:00,0.53,45.67
31-07-2020 00:00,0.33,25.23
31-07-2020 08:00,0.49,32.49
31-07-2020 16:00,0.67,41.15
01-08-2020 0:00,0.72,28.32
01-08-2020 8:00,0.63,33.67
01-08-2020 16:00,0.52,38.69
02-08-2020 0:00,0.52,27.04
02-08-2020 8:00,0.53,37.46
02-08-2020 16:00,0.53,44.82
03-08-2020 0:00,0.52,44.38
03-08-2020 8:00,0.48,45.71
03-08-2020 16:00,0.51,39.97
04-08-2020 0:00,0.38,27.16
04-08-2020 8:00,0.35,25.42
04-08-2020 16:00,0.37,27.04
05-08-2020 0:00,0.36,17.76
05-08-2020 8:00,0.41,22.87
05-08-2020 16:00,0.47,34.49
06-08-2020 0:00,0.46,24.27
06-08-2020 8:00,0.47,32.61
06-08-2020 16:00,0.45,40.89
07-08-2020 0:00,0.46,29.61
07-08-2020 8:00,0.46,36.4
07-08-2020 16:00,0.45,41.18
08-08-2020 0:00,0.43,39.99
08-08-2020 8:00,0.37,36.1
08-08-2020 16:00,0.35,33.45
09-08-2020 0:00,0.36,26.36
09-08-2020 8:00,0.39,28.83
09-08-2020 16:00,0.47,35.36
10-08-2020 0:00,0.25,24.14
10-08-2020 8:00,0.25,23.49
10-08-2020 16:00,1.35,32.35
11-08-2020 0:00,0.46,25.99
11-08-2020 8:00,1.53,32.86
11-08-2020 16:00,0.53,38.74
12-08-2020 0:00,0.2,27.62
12-08-2020 8:00,0.34,33.04
12-08-2020 16:00,0.42,32.88
13-08-2020 00:00,0.32,26.97
13-08-2020 08:00,0.46,30.67
13-08-2020 16:00,0.28,34.58
14-08-2020 00:00,0.43,24.62
14-08-2020 08:00,0.58,31.64
14-08-2020 16:00,0.38,34.33
15-08-2020 00:00,0.3,24.66
15-08-2020 08:00,0.68,25.44
15-08-2020 16:00,0.48,24.71
16-08-2020 00:00,0.32,26.11
16-08-2020 08:00,0.24,25.54
16-08-2020 16:00,0.5,24.99
17-08-2020 00:00,0.62,24.91
17-08-2020 08:00,0.51,31.34
17-08-2020 16:00,0.85,35.72
18-08-2020 00:00,0.59,26.36
18-08-2020 08:00,0.65,31.53
18-08-2020 16:00,0.99,15.31
19-08-2020 00:00,0.33,30.19
19-08-2020 08:00,0.67,31.09
19-08-2020 16:00,0.67,31.75
20-08-2020 00:00,0.38,25.01
20-08-2020 08:00,0.65,32.43
20-08-2020 16:00,0.72,33.09
21-08-2020 00:00,0.51,28.13
21-08-2020 08:00,0.53,29.57
21-08-2020 16:00,0.62,31.87
22-08-2020 00:00,0.46,25.58
22-08-2020 08:00,0.51,24.56
22-08-2020 16:00,0.54,24.55
23-08-2020 00:00,0.45,21.67
23-08-2020 08:00,0.53,21.52
23-08-2020 16:00,0.65,34.72
24-08-2020 00:00,0.4,30.22
24-08-2020 08:00,0.62,33.37
24-08-2020 16:00,0.79,39.37
25-08-2020 00:00,0.37,26.83
25-08-2020 08:00,0.61,31.87
25-08-2020 16:00,1.18,40.78
26-08-2020 00:00,0.69,32.15
26-08-2020 08:00,0.74,34.6
26-08-2020 16:00,0.87,43.04
27-08-2020 00:00,0.45,40.89
27-08-2020 08:00,0.59,39.13
27-08-2020 16:00,0.99,45.79
28-08-2020 00:00,0.5,28.72
28-08-2020 08:00,0.6,36.15
28-08-2020 16:00,1.08,35.43
29-08-2020 00:00,0.36,25.66
29-08-2020 08:00,0.55,37.18
29-08-2020 16:00,0.78,43.68
30-08-2020 00:00,0.47,27.21
30-08-2020 08:00,0.57,25.06
30-08-2020 16:00,0.6,26.54
31-08-2020 00:00,0.45,21.26
31-08-2020 08:00,0.49,36.8
31-08-2020 16:00,1,43.9
01-09-2020 0:00,0.29,27.67
01-09-2020 8:00,0.67,35.15
01-09-2020 16:00,1.02,35.44
02-09-2020 0:00,0.41,26.38
02-09-2020 8:00,0.7,26.81
02-09-2020 16:00,0.58,33.67
03-09-2020 0:00,0.47,26.48
03-09-2020 8:00,0.41,33.12
03-09-2020 16:00,0.33,35.69
04-09-2020 0:00,0.4,23.95
04-09-2020 8:00,0.29,32.34
04-09-2020 16:00,0.34,46.24
05-09-2020 0:00,0.38,35.96
05-09-2020 8:00,0.53,35
05-09-2020 16:00,0.47,45.24
06-09-2020 0:00,0.27,26.94
06-09-2020 8:00,0.46,26.91
06-09-2020 16:00,0.47,40.64
07-09-2020 0:00,0.34,26.3
07-09-2020 8:00,0.57,33.41
07-09-2020 16:00,0.49,38.14
08-09-2020 0:00,0.53,27.85
08-09-2020 8:00,0.59,34.88
08-09-2020 16:00,0.49,31.71
09-09-2020 0:00,0.53,17.55
09-09-2020 8:00,0.66,31.57
09-09-2020 16:00,0.4,28.3
10-09-2020 0:00,0.41,17.75
10-09-2020 8:00,0.62,30.61
10-09-2020 16:00,0.46,33.39
11-09-2020 0:00,0.42,20.98
11-09-2020 8:00,0.57,27.88
11-09-2020 16:00,0.46,37.55
12-09-2020 0:00,0.36,26.19
12-09-2020 8:00,0.59,28.22
12-09-2020 16:00,0.59,28.64
13-09-2020 00:00,0.43,24.79
13-09-2020 08:00,0.56,24.51
13-09-2020 16:00,0.9,25.78
14-09-2020 00:00,0.36,21.95
14-09-2020 08:00,0.69,23.28
14-09-2020 16:00,0.72,22.08
15-09-2020 00:00,0.42,17.49
15-09-2020 08:00,0.76,31.58
15-09-2020 16:00,0.81,44.51
16-09-2020 00:00,0.57,25.24
16-09-2020 08:00,0.6,32.84
16-09-2020 16:00,0.72,41.23
17-09-2020 00:00,0.53,28.13
17-09-2020 08:00,0.55,30.68
17-09-2020 16:00,0.63,32.72
18-09-2020 00:00,0.55,24.82
18-09-2020 08:00,0.41,27.06
18-09-2020 16:00,1.19,35.46
19-09-2020 00:00,0.23,24.77
19-09-2020 08:00,0.54,35.42
19-09-2020 16:00,0.49,37.93
20-09-2020 00:00,0.31,24.15
20-09-2020 08:00,0.49,23.93
20-09-2020 16:00,0.44,22.89
21-09-2020 00:00,0.39,17.32
21-09-2020 08:00,0.53,27.26
21-09-2020 16:00,0.55,35.86
22-09-2020 00:00,0.36,25.22
22-09-2020 08:00,0.54,31.21
22-09-2020 16:00,0.49,33.93
23-09-2020 00:00,0.42,23.82
23-09-2020 08:00,0.62,33.79
23-09-2020 16:00,0.85,41.96
24-09-2020 00:00,0.48,26.06
24-09-2020 08:00,0.61,26.13
24-09-2020 16:00,0.68,38.43
25-09-2020 00:00,0.47,27.44
25-09-2020 08:00,0.53,35.13
25-09-2020 16:00,0.61,42.08
26-09-2020 00:00,0.39,27.43
26-09-2020 08:00,0.79,40.34
26-09-2020 16:00,0.83,35.12
27-09-2020 00:00,0.53,25.25
27-09-2020 08:00,0.7,33.82
27-09-2020 16:00,1.08,35.25
28-09-2020 00:00,0.59,26.22
28-09-2020 08:00,0.69,34.22
28-09-2020 16:00,0.91,36.35
29-09-2020 00:00,0.43,26.16
29-09-2020 08:00,0.81,26.54
29-09-2020 16:00,0.81,30.46
30-09-2020 00:00,0.45,25.14
30-09-2020 08:00,0.89,35.69
30-09-2020 16:00,0.87,39
01-10-2020 0:00,0.4,26.73
01-10-2020 8:00,0.84,40.89
01-10-2020 16:00,1.67,37.55
02-10-2020 0:00,0.51,26.6
02-10-2020 8:00,0.67,25.88
02-10-2020 16:00,0.95,33.89
03-10-2020 0:00,0.44,25.11
03-10-2020 8:00,0.61,41.53
03-10-2020 16:00,0.63,40.72
04-10-2020 0:00,0.41,25.08
04-10-2020 8:00,0.66,39.98
04-10-2020 16:00,0.71,40.73
05-10-2020 0:00,0.37,26.47
05-10-2020 8:00,0.76,32.14
05-10-2020 16:00,1.03,32.9
06-10-2020 0:00,0.58,26.27
06-10-2020 8:00,0.82,39.25
06-10-2020 16:00,1.6,42.59
07-10-2020 0:00,0.4,25.56
07-10-2020 8:00,0.8,40.27
07-10-2020 16:00,1.21,40.61
08-10-2020 0:00,0.66,26.28
08-10-2020 8:00,0.61,34.04
08-10-2020 16:00,0.89,34.5
09-10-2020 0:00,0.53,29.64
09-10-2020 8:00,0.62,33.37
09-10-2020 16:00,0.89,32.6
10-10-2020 0:00,0.44,26.27
10-10-2020 8:00,0.51,31.12
10-10-2020 16:00,0.77,29.75
11-10-2020 0:00,0.46,26.42
11-10-2020 8:00,0.64,29.89
11-10-2020 16:00,0.9,35.35
12-10-2020 0:00,0.4,25.18
12-10-2020 8:00,0.82,34.25
12-10-2020 16:00,0.62,34.44
13-10-2020 00:00,0.55,25.83
13-10-2020 08:00,1.16,33.88
13-10-2020 16:00,0.6,34.94
14-10-2020 00:00,0.16,28.7
14-10-2020 08:00,0.74,35.07
14-10-2020 16:00,0.82,35.85
15-10-2020 00:00,0.36,35.79
15-10-2020 08:00,0.68,35.65
15-10-2020 16:00,1.23,34.08
16-10-2020 00:00,0.46,18.52
16-10-2020 08:00,0.94,32.22
16-10-2020 16:00,2.13,45.14
17-10-2020 00:00,0.77,28.5
17-10-2020 08:00,1.34,33.81
17-10-2020 16:00,1.95,40.99
18-10-2020 00:00,0.35,27.62
18-10-2020 08:00,0.54,26.99
18-10-2020 16:00,0.91,34.96
19-10-2020 00:00,0.5,26.68
19-10-2020 08:00,0.81,28.21
19-10-2020 16:00,2.01,20.66
20-10-2020 00:00,0.52,18.26
20-10-2020 08:00,0.84,25.46
20-10-2020 16:00,0.63,27.88
21-10-2020 00:00,0.31,25.97
21-10-2020 08:00,1.11,32.18
21-10-2020 16:00,1.54,33.98
22-10-2020 00:00,0.71,26.22
22-10-2020 08:00,0.92,26.57
22-10-2020 16:00,1.27,25.89
23-10-2020 00:00,0.66,27.08
23-10-2020 08:00,1.06,27.87
23-10-2020 16:00,1.01,26.31
24-10-2020 00:00,0.55,26.49
24-10-2020 08:00,1.05,26.3
24-10-2020 16:00,2.72,24.72
25-10-2020 00:00,1.05,26.14
25-10-2020 08:00,0.73,26.69
25-10-2020 16:00,1.2,26.01
26-10-2020 00:00,2.15,27.23
26-10-2020 08:00,0.66,28.7
26-10-2020 16:00,1.22,25.69
27-10-2020 00:00,1.24,26.45
27-10-2020 08:00,0.74,28.27
27-10-2020 16:00,1.2,26.09
28-10-2020 00:00,1.14,26.39
28-10-2020 08:00,0.67,29.74
28-10-2020 16:00,1.15,25.91
29-10-2020 00:00,1.06,26.16
29-10-2020 08:00,0.76,26.84
29-10-2020 16:00,0.85,25.89
30-10-2020 00:00,0.83,27.87
30-10-2020 08:00,0.63,27.25
30-10-2020 16:00,1.58,26.33
31-10-2020 00:00,1.44,26.48
31-10-2020 08:00,0.94,25.98
31-10-2020 16:00,0.93,27.86
01-11-2020 0:00,0.73,27.12
01-11-2020 8:00,0.71,27.81
01-11-2020 16:00,1.17,27.27
02-11-2020 0:00,0.52,25.86
02-11-2020 8:00,1.14,35.21
02-11-2020 16:00,1.06,33.8
03-11-2020 0:00,0.53,18.27
03-11-2020 8:00,0.48,35.3
03-11-2020 16:00,1.21,33.43
04-11-2020 0:00,0.53,20.77
04-11-2020 8:00,0.81,34.46
04-11-2020 16:00,0.93,37.14
05-11-2020 0:00,0.47,36.17
05-11-2020 8:00,0.58,35.89
05-11-2020 16:00,1.11,35.58
06-11-2020 0:00,0.41,35.27
06-11-2020 8:00,0.4,40.03
06-11-2020 16:00,0.49,32.99
07-11-2020 0:00,0.39,26.78
07-11-2020 8:00,0.53,28.12
07-11-2020 16:00,1.03,41.17
08-11-2020 0:00,0.32,46.88
08-11-2020 8:00,0.52,45.64
08-11-2020 16:00,0.69,43.07
09-11-2020 0:00,0.55,27.59
09-11-2020 8:00,0.92,32.77
09-11-2020 16:00,1.19,36.3
10-11-2020 0:00,0.68,18.36
10-11-2020 8:00,0.65,24.67
10-11-2020 16:00,2.61,42.37
11-11-2020 0:00,0.78,27.02
11-11-2020 8:00,0.81,43.69
11-11-2020 16:00,1.42,40.04
12-11-2020 0:00,0.5,28.35
12-11-2020 8:00,0.66,30.29
12-11-2020 16:00,0.75,42.03
13-11-2020 00:00,0.48,26.56
13-11-2020 08:00,0.65,34.82
13-11-2020 16:00,1.07,34.76
14-11-2020 00:00,0.48,23.36
14-11-2020 08:00,0.52,32.74
14-11-2020 16:00,0.58,34.44
15-11-2020 00:00,0.41,27.29
15-11-2020 08:00,0.56,35.29
15-11-2020 16:00,0.68,29.29
16-11-2020 00:00,0.31,26.57
16-11-2020 08:00,0.48,36.54
16-11-2020 16:00,0.54,31.24
17-11-2020 00:00,0.35,25.86
17-11-2020 08:00,0.5,32.4
17-11-2020 16:00,0.56,43.86
18-11-2020 00:00,0.24,27.07
18-11-2020 08:00,0.3,34.32
18-11-2020 16:00,0.74,33.8
19-11-2020 00:00,0.33,27.79
19-11-2020 08:00,0.46,32.91
19-11-2020 16:00,0.75,37.34
20-11-2020 00:00,0.33,25.51
20-11-2020 08:00,0.29,32.81
20-11-2020 16:00,0.86,43.67
21-11-2020 00:00,0.84,26.04
21-11-2020 08:00,0.61,33.83
21-11-2020 16:00,1.24,33.39
22-11-2020 00:00,1.38,25.06
22-11-2020 08:00,0.68,34.14
22-11-2020 16:00,2.39,41.72
23-11-2020 00:00,0.68,37.74
23-11-2020 08:00,0.82,47.54
23-11-2020 16:00,1.17,46.86
24-11-2020 00:00,0.42,37.64
24-11-2020 08:00,0.88,48.26
24-11-2020 16:00,1.36,55.49
25-11-2020 00:00,0.63,56
25-11-2020 08:00,0.79,49.15
25-11-2020 16:00,1.08,44.68
26-11-2020 00:00,0.57,26.75
26-11-2020 08:00,1.66,29.66
26-11-2020 16:00,1.52,32.41
27-11-2020 00:00,0.65,26.02
27-11-2020 08:00,1.32,34.24
27-11-2020 16:00,1.36,33.68
28-11-2020 00:00,0.56,25.37
28-11-2020 08:00,0.39,30.28
28-11-2020 16:00,0.65,29.22
29-11-2020 00:00,0.28,25.06
29-11-2020 08:00,0.37,29.68
29-11-2020 16:00,0.77,28.78
30-11-2020 00:00,0.24,18.01
30-11-2020 08:00,0.62,21.34
30-11-2020 16:00,0.72,30.6
01-12-2020 0:00,0.48,18.05
01-12-2020 8:00,0.46,18.14
01-12-2020 16:00,1.07,18.09
02-12-2020 0:00,0.51,18.08
02-12-2020 8:00,0.76,30.47
02-12-2020 16:00,0.96,31.47
03-12-2020 0:00,0.46,25.16
03-12-2020 8:00,0.9,31.7
03-12-2020 16:00,0.92,32.68
04-12-2020 0:00,0.39,25.7
04-12-2020 8:00,0.72,27.94
04-12-2020 16:00,0.92,30.38
05-12-2020 0:00,0.38,25.14
05-12-2020 8:00,0.61,26.75
05-12-2020 16:00,0.97,27.32
06-12-2020 0:00,0.38,25.29
06-12-2020 8:00,0.6,25.43
06-12-2020 16:00,0.76,24.75
07-12-2020 0:00,0.34,21.86
07-12-2020 8:00,0.55,31.06
07-12-2020 16:00,0.6,28.69
08-12-2020 0:00,0.27,25.52
08-12-2020 8:00,0.46,29.15
08-12-2020 16:00,0.41,32.3
09-12-2020 0:00,0.38,26.07
09-12-2020 8:00,0.52,31.79
09-12-2020 16:00,0.69,37.62
10-12-2020 0:00,0.27,17.29
10-12-2020 8:00,0.31,22.55
10-12-2020 16:00,0.51,46.36
11-12-2020 0:00,0.39,35.51
11-12-2020 8:00,0.5,34.66
11-12-2020 16:00,0.75,29.96
12-12-2020 0:00,0.52,17.85
12-12-2020 8:00,0.38,25.15
12-12-2020 16:00,0.9,35.2
13-12-2020 00:00,0.35,28.5
13-12-2020 08:00,0.43,27.27
13-12-2020 16:00,0.65,25.51
14-12-2020 00:00,0.59,17.98
14-12-2020 08:00,0.53,31.34
14-12-2020 16:00,1.32,26.87
15-12-2020 00:00,None,None
15-12-2020 08:00,0.48,41.44
15-12-2020 16:00,0.82,42.4
16-12-2020 00:00,0.51,26.17
16-12-2020 08:00,0.47,38.48
16-12-2020 16:00,0.56,41.26
17-12-2020 00:00,0.44,44.1
17-12-2020 08:00,0.67,43.34
17-12-2020 16:00,0.81,43.22
18-12-2020 00:00,0.43,43.09
18-12-2020 08:00,0.35,53.65
18-12-2020 16:00,0.63,39.03
19-12-2020 00:00,0.31,26.6
19-12-2020 08:00,0.51,36.33
19-12-2020 16:00,0.75,45.01
20-12-2020 00:00,0.6,21.12
20-12-2020 08:00,1.09,30.47
20-12-2020 16:00,1.46,34.29
21-12-2020 00:00,0.46,26.87
21-12-2020 08:00,0.56,39.21
21-12-2020 16:00,0.68,42.92
22-12-2020 00:00,0.59,26.97
22-12-2020 08:00,0.63,42.39
22-12-2020 16:00,0.62,45.63
23-12-2020 00:00,0.43,26.02
23-12-2020 08:00,0.55,32.66
23-12-2020 16:00,0.58,34.27
24-12-2020 00:00,0.4,21.17
24-12-2020 08:00,0.58,24.87
24-12-2020 16:00,0.74,48.21
25-12-2020 00:00,0.43,24.74
25-12-2020 08:00,0.47,38.57
25-12-2020 16:00,1.21,40.82
26-12-2020 00:00,0.5,25.49
26-12-2020 08:00,0.6,25.49
26-12-2020 16:00,1.2,40.25
27-12-2020 00:00,0.75,25.21
27-12-2020 08:00,0.71,38.72
27-12-2020 16:00,1.46,50.53
28-12-2020 00:00,0.64,50.25
28-12-2020 08:00,0.72,50.81
28-12-2020 16:00,0.97,50.17
29-12-2020 00:00,0.8,50.83
29-12-2020 08:00,0.58,49.86
29-12-2020 16:00,0.59,49.54
30-12-2020 00:00,0.46,48.67
30-12-2020 08:00,0.48,49.9
30-12-2020 16:00,0.71,47.35
31-12-2020 00:00,0.39,26.53
31-12-2020 08:00,0.54,26.28
31-12-2020 16:00,0.76,40.84
01-01-2021 0:00,0.38,43.44
01-01-2021 8:00,0.4,44.59
01-01-2021 16:00,0.58,44.06
02-01-2021 0:00,0.4,44.92
02-01-2021 8:00,0.55,44.27
02-01-2021 16:00,0.72,43.29
03-01-2021 0:00,0.42,27.91
03-01-2021 8:00,0.34,27.2
03-01-2021 16:00,0.46,43.67
04-01-2021 0:00,0.42,24.62
04-01-2021 8:00,0.49,32.29
04-01-2021 16:00,0.7,35.45
05-01-2021 0:00,0.4,24.8
05-01-2021 8:00,0.5,35.66
05-01-2021 16:00,0.56,46.78
06-01-2021 0:00,0.34,31.55
06-01-2021 8:00,0.42,41.31
06-01-2021 16:00,0.49,51.9
07-01-2021 0:00,0.33,48.14
07-01-2021 8:00,0.59,51.34
07-01-2021 16:00,0.89,35.31
08-01-2021 0:00,0.34,32.68
08-01-2021 8:00,0.27,35.73
08-01-2021 16:00,0.78,42.97
09-01-2021 0:00,0.42,33.15
09-01-2021 8:00,0.64,32.06
09-01-2021 16:00,1.49,32.18
10-01-2021 0:00,0.43,32.51
10-01-2021 8:00,0.5,31.94
10-01-2021 16:00,0.64,30.53
11-01-2021 0:00,0.49,32.4
11-01-2021 8:00,0.59,42.14
11-01-2021 16:00,0.67,43.35
12-01-2021 0:00,0.35,30.34
12-01-2021 8:00,0.5,34.2
12-01-2021 16:00,0.7,30.3
13-01-2021 00:00,0.48,29.01
13-01-2021 08:00,0.5,29.38
13-01-2021 16:00,0.86,27.63
14-01-2021 00:00,0.56,29.21
14-01-2021 08:00,0.63,30.06
14-01-2021 16:00,0.81,29.27
15-01-2021 00:00,0.34,27.01
15-01-2021 08:00,0.26,40.38
15-01-2021 16:00,0.47,49.71
16-01-2021 00:00,0.23,27.37
16-01-2021 08:00,0.19,33.7
16-01-2021 16:00,0.33,36.14
17-01-2021 00:00,0.36,27.56
17-01-2021 08:00,0.27,24.57
17-01-2021 16:00,0.22,25.33
18-01-2021 00:00,0.38,28.01
18-01-2021 08:00,0.48,40.87
18-01-2021 16:00,0.53,49.44
19-01-2021 00:00,0.3,31.4
19-01-2021 08:00,0.52,44.77
19-01-2021 16:00,0.7,40.49
20-01-2021 00:00,0.8,35.56
20-01-2021 08:00,0.66,42.55
20-01-2021 16:00,0.62,37.54
21-01-2021 00:00,0.75,25.56
21-01-2021 08:00,0.57,34.54
21-01-2021 16:00,0.76,37.16
22-01-2021 00:00,0.34,27.43
22-01-2021 08:00,0.33,28.17
22-01-2021 16:00,0.69,28.22
23-01-2021 00:00,0.39,28.56
23-01-2021 08:00,0.49,28.09
23-01-2021 16:00,0.49,33.63
24-01-2021 00:00,None,None
24-01-2021 08:00,0.58,35.43
24-01-2021 16:00,1.37,42.69
25-01-2021 00:00,0.58,34.89
25-01-2021 08:00,0.39,33.66
25-01-2021 16:00,0.52,53.95
26-01-2021 00:00,0.51,54.54
26-01-2021 08:00,0.46,59.77
26-01-2021 16:00,0.46,61.39
27-01-2021 00:00,0.54,37.44
27-01-2021 08:00,0.46,41.43
27-01-2021 16:00,0.62,43.78
28-01-2021 00:00,0.45,34.93
28-01-2021 08:00,0.4,26.18
28-01-2021 16:00,0.58,43.68
29-01-2021 00:00,0.48,45.9
29-01-2021 08:00,0.51,49.02
29-01-2021 16:00,0.6,49.29
30-01-2021 00:00,0.58,32.53
30-01-2021 08:00,0.6,26.03
30-01-2021 16:00,0.75,46.33
31-01-2021 00:00,0.66,45.66
31-01-2021 08:00,0.39,45.09
31-01-2021 16:00,0.62,51.34
01-02-2021 0:00,0.58,53.1
01-02-2021 8:00,0.54,33.59
01-02-2021 16:00,0.69,40.6
02-02-2021 0:00,0.48,43.59
02-02-2021 8:00,0.69,41.06
02-02-2021 16:00,0.85,51.84
03-02-2021 0:00,0.58,53.75
03-02-2021 8:00,0.67,37.04
03-02-2021 16:00,0.51,42.76
04-02-2021 0:00,0.46,43.4
04-02-2021 8:00,0.38,43.22
04-02-2021 16:00,0.64,40.87
05-02-2021 0:00,0.55,24.39
05-02-2021 8:00,0.73,35.91
05-02-2021 16:00,1.03,37.68
06-02-2021 0:00,0.7,37.34
06-02-2021 8:00,0.84,34.87
06-02-2021 16:00,0.91,33.96
07-02-2021 0:00,0.66,24.53
07-02-2021 8:00,0.39,33.85
07-02-2021 16:00,0.65,31.18
08-02-2021 0:00,0.62,24.06
08-02-2021 8:00,0.86,24.44
08-02-2021 16:00,1.09,24.76
09-02-2021 0:00,0.78,21.59
09-02-2021 8:00,0.75,34.84
09-02-2021 16:00,None,None
10-02-2021 0:00,None,None
10-02-2021 8:00,None,None
10-02-2021 16:00,None,None
11-02-2021 0:00,None,None
11-02-2021 8:00,0.45,50.78
11-02-2021 16:00,0.58,41.57
12-02-2021 0:00,0.46,17.86
12-02-2021 8:00,0.39,35.95
12-02-2021 16:00,0.79,41.49
13-02-2021 00:00,0.46,18.53
13-02-2021 08:00,0.6,34.59
13-02-2021 16:00,1.48,33.94
14-02-2021 00:00,0.77,24.22
14-02-2021 08:00,0.91,34.42
14-02-2021 16:00,1.47,33.8
15-02-2021 00:00,0.61,22.87
15-02-2021 08:00,0.76,43.19
15-02-2021 16:00,1.19,50.21
16-02-2021 00:00,0.43,12.82
16-02-2021 08:00,0.37,24.99
16-02-2021 16:00,1.72,44.28
17-02-2021 00:00,0.48,15.82
17-02-2021 08:00,0.66,33.42
17-02-2021 16:00,1.73,59.12
18-02-2021 00:00,0.44,20.26
18-02-2021 08:00,0.35,24.17
18-02-2021 16:00,0.38,20.8
19-02-2021 00:00,0.4,10
19-02-2021 08:00,0.35,20.63
19-02-2021 16:00,0.78,45.08
20-02-2021 00:00,0.4,23.29
20-02-2021 08:00,0.51,31.84
20-02-2021 16:00,0.52,38.69
21-02-2021 00:00,None,None
21-02-2021 08:00,0.39,25.52
21-02-2021 16:00,0.51,26.76
22-02-2021 00:00,0.39,19.8
22-02-2021 08:00,0.41,28.94
22-02-2021 16:00,0.44,30.6
23-02-2021 00:00,0.48,27.25
23-02-2021 08:00,0.4,39.98
23-02-2021 16:00,0.96,92.7
24-02-2021 00:00,0.44,44.35
24-02-2021 08:00,0.59,52.41
24-02-2021 16:00,None,None
25-02-2021 00:00,None,None
25-02-2021 08:00,None,None
25-02-2021 16:00,None,None
26-02-2021 00:00,None,None
26-02-2021 08:00,None,None
26-02-2021 16:00,None,None
27-02-2021 00:00,None,None
27-02-2021 08:00,None,None
27-02-2021 16:00,2.59,32.99
28-02-2021 00:00,1.13,28.11
28-02-2021 08:00,0.42,30.77
28-02-2021 16:00,0.48,44.34
01-03-2021 0:00,1.18,36.83
01-03-2021 8:00,0.54,46.25
01-03-2021 16:00,1.48,39.96
02-03-2021 0:00,0.72,25.16
02-03-2021 8:00,0.5,35.98
02-03-2021 16:00,0.66,38.05
03-03-2021 0:00,1.09,24.48
03-03-2021 8:00,0.63,40.61
03-03-2021 16:00,0.55,50.72
04-03-2021 0:00,0.97,51.41
04-03-2021 8:00,0.47,44.15
04-03-2021 16:00,0.65,52.71
05-03-2021 0:00,0.71,27.4
05-03-2021 8:00,0.38,39.44
05-03-2021 16:00,0.64,46.79
06-03-2021 0:00,1,46.44
06-03-2021 8:00,0.74,53.01
06-03-2021 16:00,0.85,45.36
07-03-2021 0:00,1.01,29.86
07-03-2021 8:00,0.36,37.67
07-03-2021 16:00,0.59,48.76
08-03-2021 0:00,0.63,28.39
08-03-2021 8:00,0.33,39.34
08-03-2021 16:00,0.6,45.68
09-03-2021 0:00,None,None
09-03-2021 8:00,0.24,52.07
09-03-2021 16:00,0.36,43.33
10-03-2021 0:00,0.32,28.76
10-03-2021 8:00,0.37,42.38
10-03-2021 16:00,1.41,58.21
11-03-2021 0:00,None,None
11-03-2021 8:00,0.91,51.55
11-03-2021 16:00,0.12,45.05
12-03-2021 0:00,0.38,30.44
12-03-2021 8:00,0.29,42.7
12-03-2021 16:00,0.46,33.42
13-03-2021 00:00,0.8,27.26
13-03-2021 08:00,0.48,27.31
13-03-2021 16:00,0.48,27.03
14-03-2021 00:00,0.58,27.6
14-03-2021 08:00,0.47,43.12
14-03-2021 16:00,0.54,38.67
15-03-2021 00:00,0.97,26.98
15-03-2021 08:00,0.59,43
15-03-2021 16:00,0.54,42.86
16-03-2021 00:00,0.59,38.26
16-03-2021 08:00,0.59,21.79
16-03-2021 16:00,0.78,30.38
17-03-2021 00:00,0.73,31.64
17-03-2021 08:00,0.42,36.12
17-03-2021 16:00,0.79,46.08
18-03-2021 00:00,0.59,46.59
18-03-2021 08:00,0.45,37.05
18-03-2021 16:00,0.67,47.75
19-03-2021 00:00,0.89,27.39
19-03-2021 08:00,0.6,43.19
19-03-2021 16:00,0.6,40.17
20-03-2021 00:00,0.82,27.8
20-03-2021 08:00,0.49,42.73
20-03-2021 16:00,0.55,40.77
21-03-2021 00:00,0.82,35.74
21-03-2021 08:00,0.5,39.94
21-03-2021 16:00,0.44,56.2
22-03-2021 00:00,1.28,32.83
22-03-2021 08:00,0.44,41.83
22-03-2021 16:00,0.5,36.69
23-03-2021 00:00,0.56,28.13
23-03-2021 08:00,0.46,39.72
23-03-2021 16:00,0.48,53.06
24-03-2021 00:00,0.46,53.7
24-03-2021 08:00,0.35,51.73
24-03-2021 16:00,0.55,37.09
25-03-2021 00:00,0.58,27.86
25-03-2021 08:00,0.38,41.35
25-03-2021 16:00,0.62,51.72
26-03-2021 00:00,1,28.75
26-03-2021 08:00,0.72,39.87
26-03-2021 16:00,0.54,39.18
27-03-2021 00:00,0.97,24.87
27-03-2021 08:00,0.6,40.58
27-03-2021 16:00,0.63,60.55
28-03-2021 00:00,0.78,62.59
28-03-2021 08:00,0.93,62.1
28-03-2021 16:00,0.75,45.91
29-03-2021 00:00,0.75,25.5
29-03-2021 08:00,0.91,36.53
29-03-2021 16:00,1.1,37
30-03-2021 00:00,0.45,28.48
30-03-2021 08:00,0.87,28.18
30-03-2021 16:00,2.91,43.6
31-03-2021 00:00,1.38,28.11
31-03-2021 08:00,1.15,27.87
31-03-2021 16:00,2.22,23.25
01-04-2021 0:00,0.65,20.41
01-04-2021 8:00,0.58,40.96
01-04-2021 16:00,2.82,41.21
02-04-2021 0:00,0.3,26.76
02-04-2021 8:00,0.71,42.62
02-04-2021 16:00,2.63,35.74
03-04-2021 0:00,0.39,27.77
03-04-2021 8:00,0.7,45.8
03-04-2021 16:00,1.76,43.72
04-04-2021 0:00,1.32,28.38
04-04-2021 8:00,2.12,39.61
04-04-2021 16:00,3.99,37.06
05-04-2021 0:00,0.96,28.62
05-04-2021 8:00,1.21,42.52
05-04-2021 16:00,0.93,43.93
06-04-2021 0:00,1.35,28.02
06-04-2021 8:00,1.46,43.57
06-04-2021 16:00,1.27,38.97
07-04-2021 0:00,0.98,35.22
07-04-2021 8:00,0.44,42.34
07-04-2021 16:00,0.49,46.16
08-04-2021 0:00,0.67,47.07
08-04-2021 8:00,0.79,44.39
08-04-2021 16:00,0.83,39.92
09-04-2021 0:00,0.74,27.77
09-04-2021 8:00,0.33,41.94
09-04-2021 16:00,0.65,41.85
10-04-2021 0:00,0.47,42.14
10-04-2021 8:00,0.63,51.7
10-04-2021 16:00,0.71,54.13
11-04-2021 0:00,0.45,55.93
11-04-2021 8:00,0.44,41.45
11-04-2021 16:00,0.22,35.37
12-04-2021 0:00,0.31,24.41
12-04-2021 8:00,0.45,39.11
12-04-2021 16:00,0.59,44.48
13-04-2021 00:00,0.36,38.72
13-04-2021 08:00,0.17,40.91
13-04-2021 16:00,0.3,38.42
14-04-2021 00:00,0.25,26.88
14-04-2021 08:00,0.3,26.7
14-04-2021 16:00,0.46,38.23
15-04-2021 00:00,0.44,24.3
15-04-2021 08:00,1.02,23.15
15-04-2021 16:00,1.27,24.16
16-04-2021 00:00,0.34,24.49
16-04-2021 08:00,0.73,37.38
16-04-2021 16:00,0.71,48.15
17-04-2021 00:00,0.57,43.89
17-04-2021 08:00,0.72,38.93
17-04-2021 16:00,0.93,46.65
18-04-2021 00:00,None,None
18-04-2021 08:00,0.98,39.55
18-04-2021 16:00,0.74,30.83
19-04-2021 00:00,0.16,30.86
19-04-2021 08:00,1.03,42.19
19-04-2021 16:00,1.52,51.05
20-04-2021 00:00,0.6,30.75
20-04-2021 08:00,1.1,34.92
20-04-2021 16:00,2.55,28.82
21-04-2021 00:00,0.26,27.06
21-04-2021 08:00,1,42.7
21-04-2021 16:00,1.75,39.37
22-04-2021 00:00,None,36.88
22-04-2021 08:00,None,None
22-04-2021 16:00,None,None
23-04-2021 00:00,None,None
23-04-2021 08:00,None,None
23-04-2021 16:00,None,None
24-04-2021 00:00,None,None
24-04-2021 08:00,None,None
24-04-2021 16:00,None,None
25-04-2021 00:00,None,None
25-04-2021 08:00,None,None
25-04-2021 16:00,None,None
26-04-2021 00:00,None,None
26-04-2021 08:00,None,None
26-04-2021 16:00,None,None
27-04-2021 00:00,None,None
27-04-2021 08:00,None,None
27-04-2021 16:00,None,None
28-04-2021 00:00,None,None
28-04-2021 08:00,None,None
28-04-2021 16:00,None,None
29-04-2021 00:00,None,None
29-04-2021 08:00,0.63,42.88
29-04-2021 16:00,0.71,42.08
30-04-2021 00:00,0.5,26.91
30-04-2021 08:00,0.44,48.05
30-04-2021 16:00,0.58,40.79
01-05-2021 0:00,0.62,27.26
01-05-2021 8:00,0.43,41.42
01-05-2021 16:00,0.63,37.79
02-05-2021 0:00,0.52,26.62
02-05-2021 8:00,0.36,39.56
02-05-2021 16:00,0.43,40.24
03-05-2021 0:00,0.51,28.22
03-05-2021 8:00,0.37,45.64
03-05-2021 16:00,0.43,40.21
04-05-2021 0:00,0.44,27.32
04-05-2021 8:00,0.79,42.51
04-05-2021 16:00,0.74,44.17
05-05-2021 0:00,0.51,46.06
05-05-2021 8:00,0.46,52.54
05-05-2021 16:00,0.48,48.2
06-05-2021 0:00,0.45,26.53
06-05-2021 8:00,0.48,35.57
06-05-2021 16:00,0.38,27.48
07-05-2021 0:00,0.36,20.73
07-05-2021 8:00,0.32,35.23
07-05-2021 16:00,0.35,26.13
08-05-2021 0:00,0.44,23.33
08-05-2021 8:00,0.35,29.15
08-05-2021 16:00,0.29,40.71
09-05-2021 0:00,0.37,41.16
09-05-2021 8:00,0.3,50.47
09-05-2021 16:00,0.16,39.29
10-05-2021 0:00,0.45,27.11
10-05-2021 8:00,0.37,38.66
10-05-2021 16:00,0.68,42.66
11-05-2021 0:00,0.67,25.48
11-05-2021 8:00,0.53,39.26
11-05-2021 16:00,0.81,45.79
12-05-2021 0:00,0.62,25.98
12-05-2021 8:00,0.62,39.64
12-05-2021 16:00,0.74,39.98
13-05-2021 00:00,1.66,36.67
13-05-2021 08:00,1.13,37.41
13-05-2021 16:00,0.54,32.07
14-05-2021 00:00,None,None
14-05-2021 08:00,None,None
14-05-2021 16:00,None,None
15-05-2021 00:00,None,None
15-05-2021 08:00,None,None
15-05-2021 16:00,None,None
16-05-2021 00:00,None,None
16-05-2021 08:00,None,None
16-05-2021 16:00,None,None
17-05-2021 00:00,None,None
17-05-2021 08:00,None,None
17-05-2021 16:00,None,None
18-05-2021 00:00,None,None
18-05-2021 08:00,None,None
18-05-2021 16:00,None,None
19-05-2021 00:00,None,None
19-05-2021 08:00,None,None
19-05-2021 16:00,None,None
20-05-2021 00:00,None,None
20-05-2021 08:00,0.33,38.21
20-05-2021 16:00,0.47,30.42
21-05-2021 00:00,0.44,24.58
21-05-2021 08:00,0.57,45.27
21-05-2021 16:00,0.73,38.4
22-05-2021 00:00,0.45,18.37
22-05-2021 08:00,0.44,35.2
22-05-2021 16:00,0.69,34.36
23-05-2021 00:00,0.59,18.52
23-05-2021 08:00,0.51,42.69
23-05-2021 16:00,0.53,43.25
24-05-2021 00:00,0.52,20.93
24-05-2021 08:00,0.51,38.98
24-05-2021 16:00,0.6,40.05
25-05-2021 00:00,0.47,21.99
25-05-2021 08:00,0.58,35.91
25-05-2021 16:00,0.46,28.65
26-05-2021 00:00,0.42,26.57
26-05-2021 08:00,0.53,35.55
26-05-2021 16:00,0.44,36.48
27-05-2021 00:00,0.43,22.51
27-05-2021 08:00,0.52,35.01
27-05-2021 16:00,0.51,37.12
28-05-2021 00:00,0.44,22.33
28-05-2021 08:00,0.41,35.87
28-05-2021 16:00,0.46,36.56
29-05-2021 00:00,0.46,18.8
29-05-2021 08:00,0.45,35.19
29-05-2021 16:00,0.41,47.13
30-05-2021 00:00,0.46,28.43
30-05-2021 08:00,0.39,28.28
30-05-2021 16:00,0.35,28.33
31-05-2021 00:00,0.43,27.61
31-05-2021 08:00,0.5,42.85
31-05-2021 16:00,0.47,36.23
01-06-2021 0:00,0.29,22.51
01-06-2021 8:00,0.43,40.48
01-06-2021 16:00,0.4,38.09
02-06-2021 0:00,0.36,21.49
02-06-2021 8:00,0.45,21.97
02-06-2021 16:00,0.4,24.84
03-06-2021 0:00,0.34,28.95
03-06-2021 8:00,0.59,36.44
03-06-2021 16:00,0.74,32.17
04-06-2021 0:00,0.54,25.86
04-06-2021 8:00,0.53,36.67
04-06-2021 16:00,0.65,29.01
05-06-2021 0:00,0.44,24.59
05-06-2021 8:00,0.49,26.21
05-06-2021 16:00,0.36,46.72
06-06-2021 0:00,0.43,46.38
06-06-2021 8:00,0.24,45.2
06-06-2021 16:00,0.16,39.07
07-06-2021 0:00,0.37,25.94
07-06-2021 8:00,0.53,39.74
07-06-2021 16:00,0.75,42.13
08-06-2021 0:00,0.42,27.23
08-06-2021 8:00,0.53,37.67
08-06-2021 16:00,0.52,43.7
09-06-2021 0:00,0.34,26.66
09-06-2021 8:00,0.47,42.45
09-06-2021 16:00,0.59,45.32
10-06-2021 0:00,1.51,45.17
10-06-2021 8:00,1.26,45.66
10-06-2021 16:00,0.62,37.76
11-06-2021 0:00,0.1,27.63
11-06-2021 8:00,0.27,40.36
11-06-2021 16:00,0.37,41.26
12-06-2021 0:00,0.22,25.89
12-06-2021 8:00,0.32,28.27
12-06-2021 16:00,0.19,34.51
13-06-2021 00:00,0.18,25.34
13-06-2021 08:00,0.22,35.55
13-06-2021 16:00,0.11,32.07
14-06-2021 00:00,0.28,27.24
14-06-2021 08:00,0.68,34.64
14-06-2021 16:00,0.5,33.06
15-06-2021 00:00,0.31,24.5
15-06-2021 08:00,0.7,26.49
15-06-2021 16:00,0.29,25.13
16-06-2021 00:00,0.25,27.06
16-06-2021 08:00,0.64,43.77
16-06-2021 16:00,0.44,36.51
17-06-2021 00:00,0.33,26.11
17-06-2021 08:00,0.69,27.66
17-06-2021 16:00,0.47,26.12
18-06-2021 00:00,0.28,25.44
18-06-2021 08:00,0.76,25.94
18-06-2021 16:00,0.43,25.87
19-06-2021 00:00,0.38,26.74
19-06-2021 08:00,0.47,43.93
19-06-2021 16:00,0.41,36.7
20-06-2021 00:00,0.28,26.55
20-06-2021 08:00,0.32,39.2
20-06-2021 16:00,0.33,45.25
21-06-2021 00:00,0.41,45.89
21-06-2021 08:00,1.01,46.02
21-06-2021 16:00,0.79,41.08
22-06-2021 00:00,0.29,23.72
22-06-2021 08:00,0.92,28.47
22-06-2021 16:00,1.27,26.84
23-06-2021 00:00,0.54,28.61
23-06-2021 08:00,1,31.76
23-06-2021 16:00,1.1,31.81
24-06-2021 00:00,0.46,28.68
24-06-2021 08:00,0.94,33.59
24-06-2021 16:00,0.86,46.4
25-06-2021 00:00,0.4,46.78
25-06-2021 08:00,0.72,38.86
25-06-2021 16:00,0.72,35.83
26-06-2021 00:00,0.26,31.75
26-06-2021 08:00,0.81,46.93
26-06-2021 16:00,0.66,38.9
27-06-2021 00:00,0.42,27.71
27-06-2021 08:00,0.69,32.75
27-06-2021 16:00,0.52,31
28-06-2021 00:00,0.32,26.48
28-06-2021 08:00,0.82,36.06
28-06-2021 16:00,1.46,34.96
29-06-2021 00:00,0.17,30.19
29-06-2021 08:00,0.21,48.15
29-06-2021 16:00,0.27,34.57
30-06-2021 00:00,0.27,27.6
30-06-2021 08:00,0.53,46.78
30-06-2021 16:00,0.47,41.85
01-07-2021 0:00,0.19,29.01
01-07-2021 8:00,0.5,37.43
01-07-2021 16:00,0.28,35.25
02-07-2021 0:00,0.21,29.7
02-07-2021 8:00,0.42,47.32
02-07-2021 16:00,0.52,36.83
03-07-2021 0:00,0.25,28.16
03-07-2021 8:00,0.45,37.46
03-07-2021 16:00,0.4,46.43
04-07-2021 0:00,0.2,44.87
04-07-2021 8:00,0.38,44.06
04-07-2021 16:00,0.33,40.09
05-07-2021 0:00,0.21,27.34
05-07-2021 8:00,0.81,36.68
05-07-2021 16:00,0.95,34.32
06-07-2021 0:00,0.19,27.31
06-07-2021 8:00,0.49,44.49
06-07-2021 16:00,0.88,43.52
07-07-2021 0:00,0.2,34.39
07-07-2021 8:00,0.49,36.43
07-07-2021 16:00,0.45,36.73
08-07-2021 0:00,0.27,29.17
08-07-2021 8:00,0.5,27.69
08-07-2021 16:00,0.79,29.77
09-07-2021 0:00,0.32,27.87
09-07-2021 8:00,0.39,43.37
09-07-2021 16:00,0.56,43.08
10-07-2021 0:00,0.26,26.18
10-07-2021 8:00,0.58,41
10-07-2021 16:00,0.51,46.28
11-07-2021 0:00,0.45,44.32
11-07-2021 8:00,0.49,47.13
11-07-2021 16:00,0.37,34.93
12-07-2021 0:00,0.09,29.58
12-07-2021 8:00,0.41,43.93
12-07-2021 16:00,0.48,46.37
13-07-2021 00:00,0.34,29.74
13-07-2021 08:00,0.8,25.96
13-07-2021 16:00,0.94,27.56
14-07-2021 00:00,0.22,27.26
14-07-2021 08:00,0.7,30.35
14-07-2021 16:00,0.62,36.65
15-07-2021 00:00,0.2,20.79
15-07-2021 08:00,0.52,26.72
15-07-2021 16:00,0.38,37
16-07-2021 00:00,0.33,36.86
16-07-2021 08:00,0.48,39.28
16-07-2021 16:00,0.87,32.41
17-07-2021 00:00,0.38,27.39
17-07-2021 08:00,0.88,27.84
17-07-2021 16:00,0.9,28.8
18-07-2021 00:00,0.08,27.51
18-07-2021 08:00,0.52,29.99
18-07-2021 16:00,0.64,34.51
19-07-2021 00:00,0.45,27.43
19-07-2021 08:00,0.79,36.92
19-07-2021 16:00,1.1,39.63
20-07-2021 00:00,0.27,27.85
20-07-2021 08:00,0.56,36.74
20-07-2021 16:00,0.7,38.12
21-07-2021 00:00,0.4,27.83
21-07-2021 08:00,0.72,34.31
21-07-2021 16:00,0.77,36.52
22-07-2021 00:00,0.26,25.95
22-07-2021 08:00,0.73,32.47
22-07-2021 16:00,1.02,31.73
23-07-2021 00:00,0.39,20.11
23-07-2021 08:00,0.41,33.63
23-07-2021 16:00,0.33,31.12
24-07-2021 00:00,0.39,27.74
24-07-2021 08:00,0.68,34.85
24-07-2021 16:00,1.06,37.55
25-07-2021 00:00,0.23,37.26
25-07-2021 08:00,0.34,36.92
25-07-2021 16:00,0.41,32.96
26-07-2021 00:00,0.37,26.22
26-07-2021 08:00,0.68,36.16
26-07-2021 16:00,0.86,38.02
27-07-2021 00:00,0.37,27.91
27-07-2021 08:00,0.75,38.46
27-07-2021 16:00,0.71,43.7
28-07-2021 00:00,0.34,27.67
28-07-2021 08:00,0.6,38.05
28-07-2021 16:00,0.59,46.14
29-07-2021 00:00,0.38,46.71
29-07-2021 08:00,0.62,37.64
29-07-2021 16:00,0.57,32.03
30-07-2021 00:00,0.43,27.82
30-07-2021 08:00,0.66,40.24
30-07-2021 16:00,0.76,37.03
31-07-2021 00:00,0.43,29.59
31-07-2021 08:00,0.77,41.9
31-07-2021 16:00,0.96,48.47
01-08-2021 0:00,0.53,30.02
01-08-2021 8:00,0.68,40.86
01-08-2021 16:00,0.63,48.48
02-08-2021 0:00,0.4,30.6
02-08-2021 8:00,0.93,27.26
02-08-2021 16:00,1.12,34.4
03-08-2021 0:00,0.43,26.01
03-08-2021 8:00,1.16,37.75
03-08-2021 16:00,0.97,37.02
04-08-2021 0:00,0.61,29.82
04-08-2021 8:00,1.5,35.67
04-08-2021 16:00,None,None
05-08-2021 0:00,None,None
05-08-2021 8:00,1.3,53.15
05-08-2021 16:00,1.01,35.62
06-08-2021 0:00,0.18,24.39
06-08-2021 8:00,0.38,34.04
06-08-2021 16:00,None,None
07-08-2021 0:00,0.51,26.2
07-08-2021 8:00,1.13,36.93
07-08-2021 16:00,1.53,43.22
08-08-2021 0:00,0.52,27.6
08-08-2021 8:00,0.75,36.7
08-08-2021 16:00,0.58,31.95
09-08-2021 0:00,0.55,27.67
09-08-2021 8:00,1.05,41.87
09-08-2021 16:00,0.92,40.72
10-08-2021 0:00,0.45,24.23
10-08-2021 8:00,1.23,25.82
10-08-2021 16:00,1.36,25.98
11-08-2021 0:00,0.48,19.39
11-08-2021 8:00,None,None
11-08-2021 16:00,1.32,33.94
12-08-2021 0:00,0.09,19.16
12-08-2021 8:00,0.72,29.76
12-08-2021 16:00,1.48,43.26
13-08-2021 00:00,0.49,24.27
13-08-2021 08:00,1.24,36.96
13-08-2021 16:00,1.8,42.81
14-08-2021 00:00,0.45,26.98
14-08-2021 08:00,0.93,33.54
14-08-2021 16:00,1.03,31.01
15-08-2021 00:00,0.33,26.63
15-08-2021 08:00,0.72,26.39
15-08-2021 16:00,0.96,25.86
16-08-2021 00:00,0.36,27.34
16-08-2021 08:00,1.12,27
16-08-2021 16:00,1.31,31.48
17-08-2021 00:00,0.46,24.69
17-08-2021 08:00,1.02,30.46
17-08-2021 16:00,1.15,38.15
18-08-2021 00:00,0.43,23.92
18-08-2021 08:00,1.03,33.85
18-08-2021 16:00,0.82,35.14
19-08-2021 00:00,0.52,24.71
19-08-2021 08:00,0.96,24.94
19-08-2021 16:00,None,None
20-08-2021 00:00,None,None
20-08-2021 08:00,None,None
20-08-2021 16:00,None,None
21-08-2021 00:00,None,None
21-08-2021 08:00,0.7,42.57
21-08-2021 16:00,1.55,31.83
22-08-2021 00:00,0.59,27.27
22-08-2021 08:00,0.9,40.06
22-08-2021 16:00,0.89,46.97
23-08-2021 00:00,0.54,43.99
23-08-2021 08:00,1.1,47.58
23-08-2021 16:00,0.9,43.96
24-08-2021 00:00,None,None
24-08-2021 08:00,0.85,46.76
24-08-2021 16:00,1.16,32.28
25-08-2021 00:00,0.52,25.87
25-08-2021 08:00,1.02,34.54
25-08-2021 16:00,1.23,45.17
26-08-2021 00:00,0.35,30.02
26-08-2021 08:00,0.77,36.16
26-08-2021 16:00,1.53,30.78
27-08-2021 00:00,0.16,25.72
27-08-2021 08:00,0.91,33.66
27-08-2021 16:00,1.56,31.08
28-08-2021 00:00,0.37,21.73
28-08-2021 08:00,1.2,38.38
28-08-2021 16:00,0.93,31.68
29-08-2021 00:00,0.5,24.5
29-08-2021 08:00,0.96,25.01
29-08-2021 16:00,0.77,24.58
30-08-2021 00:00,0.43,25.48
30-08-2021 08:00,1.18,38.9
30-08-2021 16:00,1.52,30.84
31-08-2021 00:00,0.61,25.38
31-08-2021 08:00,1.16,25.15
31-08-2021 16:00,1.12,42.52
01-09-2021 0:00,0.53,26.41
01-09-2021 8:00,1.02,26.73
01-09-2021 16:00,0.93,42.91
02-09-2021 0:00,0.53,30.16
02-09-2021 8:00,1.38,27.86
02-09-2021 16:00,None,None
03-09-2021 0:00,None,None
03-09-2021 8:00,1.3,35.56
03-09-2021 16:00,1.3,35.41
04-09-2021 0:00,0.63,35.48
04-09-2021 8:00,1.37,30.9
04-09-2021 16:00,1.55,42.66
05-09-2021 0:00,0.45,27.14
05-09-2021 8:00,0.81,25.37
05-09-2021 16:00,0.81,35.18
06-09-2021 0:00,0.41,24.86
06-09-2021 8:00,1.09,35.34
06-09-2021 16:00,1.52,33.87
07-09-2021 0:00,0.39,25.38
07-09-2021 8:00,0.7,34.39
07-09-2021 16:00,0.83,38.76
08-09-2021 0:00,0.43,29.26
08-09-2021 8:00,0.71,35.68
08-09-2021 16:00,0.99,34.8
09-09-2021 0:00,0.45,24.61
09-09-2021 8:00,0.91,36.07
09-09-2021 16:00,1.23,40.45
10-09-2021 0:00,0.49,28.76
10-09-2021 8:00,0.65,35.16
10-09-2021 16:00,0.76,32.89
11-09-2021 0:00,0.42,25.09
11-09-2021 8:00,0.82,35.37
11-09-2021 16:00,0.72,41.36
12-09-2021 0:00,0.41,25.25
12-09-2021 8:00,0.6,36.13
12-09-2021 16:00,0.73,41.74
13-09-2021 00:00,0.43,26.62
13-09-2021 08:00,0.79,36.32
13-09-2021 16:00,1.12,36
14-09-2021 00:00,0.52,25.49
14-09-2021 08:00,1.07,37.25
14-09-2021 16:00,1.11,35.5
15-09-2021 00:00,0.46,25.4
15-09-2021 08:00,0.73,36.76
15-09-2021 16:00,1,43.47
16-09-2021 00:00,0.53,24.2
16-09-2021 08:00,0.96,37.05
16-09-2021 16:00,1.3,40.8
17-09-2021 00:00,0.53,23.73
17-09-2021 08:00,1.15,34.87
17-09-2021 16:00,2.1,40.12
18-09-2021 00:00,0.52,26.29
18-09-2021 08:00,1.01,26.13
18-09-2021 16:00,1.45,25.86
19-09-2021 00:00,0.57,26.34
19-09-2021 08:00,0.64,27.94
19-09-2021 16:00,0.75,37.86
20-09-2021 00:00,0.66,26.08
20-09-2021 08:00,1.33,31.55
20-09-2021 16:00,1.07,39.19
21-09-2021 00:00,0.58,38.45
21-09-2021 08:00,0.97,43.5
21-09-2021 16:00,2.09,41.41
22-09-2021 00:00,0.56,26.15
22-09-2021 08:00,1.24,30.23
22-09-2021 16:00,1.32,31.21
23-09-2021 00:00,0.46,27.76
23-09-2021 08:00,1.3,29.36
23-09-2021 16:00,1.98,36.07
24-09-2021 00:00,0.35,33.7
24-09-2021 08:00,1.13,38.38
24-09-2021 16:00,2.31,35.58
25-09-2021 00:00,0.27,25.75
25-09-2021 08:00,0.78,37.38
25-09-2021 16:00,1.34,46.11
26-09-2021 00:00,0.39,46.48
26-09-2021 08:00,1.19,46.49
26-09-2021 16:00,1.54,46.59
27-09-2021 00:00,0.53,32.98
27-09-2021 08:00,1.23,27.85
27-09-2021 16:00,0.96,34.01
28-09-2021 00:00,0.46,26.21
28-09-2021 08:00,1.21,28.51
28-09-2021 16:00,1.25,37.15
29-09-2021 00:00,0.43,37.38
29-09-2021 08:00,1.06,37.04
29-09-2021 16:00,1.63,47.31
30-09-2021 00:00,0.52,27.88
30-09-2021 08:00,1.33,35.6
30-09-2021 16:00,2.42,37.49
01-10-2021 0:00,0.52,26.16
01-10-2021 8:00,0.62,37.15
01-10-2021 16:00,0.5,37.22
02-10-2021 0:00,0.55,28.61
02-10-2021 8:00,0.33,33.88
02-10-2021 16:00,0.28,41.94
03-10-2021 0:00,0.14,27.94
03-10-2021 8:00,0.19,28.45
03-10-2021 16:00,1.68,27.97
04-10-2021 0:00,0.56,28.29
04-10-2021 8:00,0.33,37.56
04-10-2021 16:00,0.35,36.15
05-10-2021 0:00,0.67,27.51
05-10-2021 8:00,0.59,27.94
05-10-2021 16:00,0.88,27.71
06-10-2021 0:00,0.63,25.75
06-10-2021 8:00,0.96,31.88
06-10-2021 16:00,1.04,32.98
07-10-2021 0:00,0.6,29.38
07-10-2021 8:00,0.93,38.61
07-10-2021 16:00,1.3,46.22
08-10-2021 0:00,0.48,46.19
08-10-2021 8:00,1.1,46.09
08-10-2021 16:00,1.46,40.16
09-10-2021 0:00,0.42,18.31
09-10-2021 8:00,1.34,29.73
09-10-2021 16:00,3.01,36.1
10-10-2021 0:00,0.24,25.62
10-10-2021 8:00,0.52,38.22
10-10-2021 16:00,0.77,40.16
11-10-2021 0:00,0.39,25.71
11-10-2021 8:00,1.36,35.91
11-10-2021 16:00,1.09,37.16
12-10-2021 0:00,0.48,36.91
12-10-2021 8:00,1.08,36.93
12-10-2021 16:00,1.53,30.91
13-10-2021 00:00,0.41,29.92
13-10-2021 08:00,1.28,36.64
13-10-2021 16:00,1.49,40.38
14-10-2021 00:00,0.74,29.91
14-10-2021 08:00,1.18,35.82
14-10-2021 16:00,1.48,33.49
15-10-2021 00:00,0.34,29.69
15-10-2021 08:00,0.65,34.36
15-10-2021 16:00,1.02,37.02
16-10-2021 00:00,0.97,29.94
16-10-2021 08:00,0.77,33.79
16-10-2021 16:00,1.62,35.85
17-10-2021 00:00,0.74,27.68
17-10-2021 08:00,1.15,36.52
17-10-2021 16:00,1.64,32.83
18-10-2021 00:00,0.64,29.91
18-10-2021 08:00,1.15,37.93
18-10-2021 16:00,0.98,32.02
19-10-2021 00:00,0.58,29.52
19-10-2021 08:00,1.57,37.66
19-10-2021 16:00,1.93,38.83
20-10-2021 00:00,1.57,39.23
20-10-2021 08:00,0.93,43.24
20-10-2021 16:00,0.7,49.13
21-10-2021 00:00,0.56,31.13
21-10-2021 08:00,0.49,36.72
21-10-2021 16:00,0.82,43.27
22-10-2021 00:00,1.33,43.69
22-10-2021 08:00,1.29,38.5
22-10-2021 16:00,0.53,41.25
23-10-2021 00:00,0.34,29.52
23-10-2021 08:00,0.41,33.16
23-10-2021 16:00,0.94,38.37
24-10-2021 00:00,0.41,31.47
24-10-2021 08:00,1.03,36.11
24-10-2021 16:00,0.48,42.16
25-10-2021 00:00,0.24,31.54
25-10-2021 08:00,0.48,38.04
25-10-2021 16:00,1.11,39.21
26-10-2021 00:00,0.59,29.77
26-10-2021 08:00,0.71,37.13
26-10-2021 16:00,1.2,34.17
27-10-2021 00:00,0.53,31.4
27-10-2021 08:00,0.56,31.35
27-10-2021 16:00,1.03,28.95
28-10-2021 00:00,0.99,27.38
28-10-2021 08:00,1.48,38.15
28-10-2021 16:00,1.83,39.25
29-10-2021 00:00,None,None
29-10-2021 08:00,None,None
29-10-2021 16:00,None,None
30-10-2021 00:00,None,None
30-10-2021 08:00,None,None
30-10-2021 16:00,None,None
31-10-2021 00:00,None,None
31-10-2021 08:00,None,None
31-10-2021 16:00,None,None
01-11-2021 0:00,None,None
01-11-2021 8:00,None,None
01-11-2021 16:00,None,None
02-11-2021 0:00,None,None
02-11-2021 8:00,0.34,46.09
02-11-2021 16:00,0.56,39.61
03-11-2021 0:00,0.27,29.45
03-11-2021 8:00,0.34,35.92
03-11-2021 16:00,0.54,37.98
04-11-2021 0:00,0.37,31.86
04-11-2021 8:00,0.5,40.89
04-11-2021 16:00,0.6,33.98
05-11-2021 0:00,0.35,31.22
05-11-2021 8:00,0.64,35.22
05-11-2021 16:00,0.82,41.15
06-11-2021 0:00,0.34,32.06
06-11-2021 8:00,0.58,43.53
06-11-2021 16:00,1.2,42.77
07-11-2021 0:00,0.64,26.33
07-11-2021 8:00,0.71,25.62
07-11-2021 16:00,0.95,23.96
08-11-2021 0:00,0.72,22.54
08-11-2021 8:00,None,None
08-11-2021 16:00,None,None
09-11-2021 0:00,None,None
09-11-2021 8:00,None,None
09-11-2021 16:00,None,None
10-11-2021 0:00,None,None
10-11-2021 8:00,1.31,36.53
10-11-2021 16:00,1.14,33.22
11-11-2021 0:00,0.49,26.99
11-11-2021 8:00,1.47,27.09
11-11-2021 16:00,1.57,23.16
12-11-2021 0:00,0.57,22.02
12-11-2021 8:00,1.74,23.8
12-11-2021 16:00,2,24.73
13-11-2021 00:00,0.4,20.84
13-11-2021 08:00,0.33,16.12
13-11-2021 16:00,1.16,20.64
14-11-2021 00:00,0.63,20.42
14-11-2021 08:00,0.89,20.63
14-11-2021 16:00,1.42,29.51
15-11-2021 00:00,0.52,20.84
15-11-2021 08:00,1.03,31.72
15-11-2021 16:00,1.29,36.85
16-11-2021 00:00,None,None
16-11-2021 08:00,2.08,39.97
16-11-2021 16:00,1.12,30.07
17-11-2021 00:00,0.22,25.85
17-11-2021 08:00,0.57,26.45
17-11-2021 16:00,0.98,25.69
18-11-2021 00:00,0.67,19.42
18-11-2021 08:00,1.35,23.73
18-11-2021 16:00,1.78,27.14
19-11-2021 00:00,0.77,20.47
19-11-2021 08:00,1.59,27.22
19-11-2021 16:00,2.14,25.84
20-11-2021 00:00,0.54,28.94
20-11-2021 08:00,1.02,29.46
20-11-2021 16:00,2.11,29.63
21-11-2021 00:00,0.82,29.61
21-11-2021 08:00,0.98,33.5
21-11-2021 16:00,1.32,29.97
22-11-2021 00:00,0.67,28.57
22-11-2021 08:00,0.76,32.39
22-11-2021 16:00,1.08,29.18
23-11-2021 00:00,0.2,30.38
23-11-2021 08:00,0.34,38.54
23-11-2021 16:00,0.75,44.56
24-11-2021 00:00,0.45,44.49
24-11-2021 08:00,0.49,44.83
24-11-2021 16:00,0.61,40.59
25-11-2021 00:00,0.05,41.93
25-11-2021 08:00,0.53,18.6
25-11-2021 16:00,0.62,16.79
26-11-2021 00:00,0.5,16.85
26-11-2021 08:00,0.5,32.26
26-11-2021 16:00,0.96,26.93
27-11-2021 00:00,0.46,25.95
27-11-2021 08:00,0.75,29.93
27-11-2021 16:00,None,None
28-11-2021 00:00,None,None
28-11-2021 08:00,None,None
28-11-2021 16:00,None,None
29-11-2021 00:00,None,None
29-11-2021 08:00,None,None
29-11-2021 16:00,None,None
30-11-2021 00:00,None,None
30-11-2021 08:00,None,None
30-11-2021 16:00,0.47,38.88
01-12-2021 0:00,0.23,24.46
01-12-2021 8:00,0.35,32.23
01-12-2021 16:00,0.61,30.58
02-12-2021 0:00,0.51,23.72
02-12-2021 8:00,0.47,32.55
02-12-2021 16:00,0.74,29.68
03-12-2021 0:00,0.49,30.5
03-12-2021 8:00,0.82,34.61
03-12-2021 16:00,1.83,34.69
04-12-2021 0:00,1,33.5
04-12-2021 8:00,1.08,34.79
04-12-2021 16:00,1.62,29.14
05-12-2021 0:00,0.62,28.91
05-12-2021 8:00,0.75,32.36
05-12-2021 16:00,1.1,29.96
06-12-2021 0:00,1.1,29.9
06-12-2021 8:00,1.05,42.82
06-12-2021 16:00,1.31,44.61
07-12-2021 0:00,0.81,26.22
07-12-2021 8:00,0.65,29.2
07-12-2021 16:00,1.22,33.08
08-12-2021 0:00,0.38,26.23
08-12-2021 8:00,0.55,35.32
08-12-2021 16:00,1.31,29.58
09-12-2021 0:00,0.45,24.94
09-12-2021 8:00,0.5,36.04
09-12-2021 16:00,0.66,34.39
10-12-2021 0:00,0.58,37.89
10-12-2021 8:00,0.51,36.35
10-12-2021 16:00,0.61,37.61
11-12-2021 0:00,0.54,25.73
11-12-2021 8:00,0.61,26.97
11-12-2021 16:00,0.99,25.31
12-12-2021 0:00,0.8,26.96
12-12-2021 8:00,0.32,26.24
12-12-2021 16:00,0.52,23.73
13-12-2021 00:00,0.3,26.79
13-12-2021 08:00,0.36,31.33
13-12-2021 16:00,0.68,31.09
14-12-2021 00:00,0.29,24.94
14-12-2021 08:00,0.52,37.29
14-12-2021 16:00,0.74,40.17
15-12-2021 00:00,0.39,24.96
15-12-2021 08:00,0.7,31.95
15-12-2021 16:00,1.05,32.09
16-12-2021 00:00,0.44,32.71
16-12-2021 08:00,0.61,36.9
16-12-2021 16:00,1.01,36.56
17-12-2021 00:00,0.46,23.07
17-12-2021 08:00,0.53,32.36
17-12-2021 16:00,1.12,39.23
18-12-2021 00:00,0.61,36.48
18-12-2021 08:00,0.68,40.9
18-12-2021 16:00,0.79,29.22
19-12-2021 00:00,0.25,27.76
19-12-2021 08:00,0.34,31.19
19-12-2021 16:00,0.81,28.45
20-12-2021 00:00,0.42,24.16
20-12-2021 08:00,0.46,35.21
20-12-2021 16:00,0.63,32.2
21-12-2021 00:00,0.44,30.05
21-12-2021 08:00,0.56,33.14
21-12-2021 16:00,2.09,26.7
22-12-2021 00:00,0.99,24.79
22-12-2021 08:00,0.48,29.23
22-12-2021 16:00,0.82,43.92
23-12-2021 00:00,0.6,21.24
23-12-2021 08:00,0.66,26.99
23-12-2021 16:00,1.1,22.79
24-12-2021 00:00,0.48,18.56
24-12-2021 08:00,0.34,30.7
24-12-2021 16:00,0.61,24.88
25-12-2021 00:00,0.86,18.81
25-12-2021 08:00,0.54,33.08
25-12-2021 16:00,0.65,25.59
26-12-2021 00:00,0.61,17.66
26-12-2021 08:00,0.47,28.25
26-12-2021 16:00,0.47,30.98
27-12-2021 00:00,0.31,27.78
27-12-2021 08:00,0.26,34.36
27-12-2021 16:00,0.56,35.83
28-12-2021 00:00,0.34,21.92
28-12-2021 08:00,0.26,36.12
28-12-2021 16:00,0.55,35.49
29-12-2021 00:00,0.38,18.26
29-12-2021 08:00,0.32,25.71
29-12-2021 16:00,0.54,20.81
30-12-2021 00:00,0.33,17.13
30-12-2021 08:00,0.33,26.62
30-12-2021 16:00,0.53,32.12
31-12-2021 00:00,0.31,21.01
31-12-2021 08:00,0.44,29.09
31-12-2021 16:00,0.63,30.36
01-01-2022 0:00,0.34,33.39
01-01-2022 8:00,0.41,32.42
01-01-2022 16:00,0.48,33.69
02-01-2022 0:00,0.24,19.73
02-01-2022 8:00,0.2,18.51
02-01-2022 16:00,0.41,18.5
03-01-2022 0:00,0.25,16.8
03-01-2022 8:00,0.41,30.7
03-01-2022 16:00,0.56,34.67
04-01-2022 0:00,0.41,22.63
04-01-2022 8:00,0.43,29.9
04-01-2022 16:00,0.38,31.96
05-01-2022 0:00,0.28,20.69
05-01-2022 8:00,0.48,23.38
05-01-2022 16:00,0.62,30.91
06-01-2022 0:00,0.33,27.3
06-01-2022 8:00,0.38,27.9
06-01-2022 16:00,0.45,34.9
07-01-2022 0:00,0.35,17.66
07-01-2022 8:00,0.34,30.46
07-01-2022 16:00,0.49,36.53
08-01-2022 0:00,0.29,20.11
08-01-2022 8:00,0.33,25.56
08-01-2022 16:00,0.49,28.96
09-01-2022 0:00,0.27,27.43
09-01-2022 8:00,0.34,27.07
09-01-2022 16:00,0.41,25.25
10-01-2022 0:00,0.41,26.55
10-01-2022 8:00,0.36,27.61
10-01-2022 16:00,0.42,28.11
11-01-2022 0:00,0.34,25.94
11-01-2022 8:00,0.36,27.51
11-01-2022 16:00,0.5,23.03
12-01-2022 0:00,0.44,17.93
12-01-2022 8:00,0.67,26.58
12-01-2022 16:00,0.95,25.59
13-01-2022 00:00,0.41,25.2
13-01-2022 08:00,0.57,32.59
13-01-2022 16:00,1.54,35.11
14-01-2022 00:00,0.85,36.47
14-01-2022 08:00,0.38,38.5
14-01-2022 16:00,1.9,37.31
15-01-2022 00:00,0.68,34.22
15-01-2022 08:00,0.3,36.6
15-01-2022 16:00,0.71,33.13
16-01-2022 00:00,0.28,24.42
16-01-2022 08:00,0.24,25.94
16-01-2022 16:00,0.35,25.47
17-01-2022 00:00,0.23,25.17
17-01-2022 08:00,0.32,26.68
17-01-2022 16:00,0.43,24.81
18-01-2022 00:00,0.32,23.92
18-01-2022 08:00,0.34,33.6
18-01-2022 16:00,0.53,32.88
19-01-2022 00:00,0.35,31.95
19-01-2022 08:00,0.35,38.52
19-01-2022 16:00,0.95,28.38
20-01-2022 00:00,0.83,20.97
20-01-2022 08:00,0.68,34.38
20-01-2022 16:00,2.2,29.17
21-01-2022 00:00,0.82,27.48
21-01-2022 08:00,0.65,37.37
21-01-2022 16:00,2.03,36.11
22-01-2022 00:00,0.48,17.39
22-01-2022 08:00,0.47,19.29
22-01-2022 16:00,2.52,18.44
23-01-2022 00:00,0.91,18.12
23-01-2022 08:00,0.42,19.17
23-01-2022 16:00,1.39,19.04
24-01-2022 00:00,0.26,18.72
24-01-2022 08:00,0.27,31.03
24-01-2022 16:00,0.69,27.2
25-01-2022 00:00,0.37,22.65
25-01-2022 08:00,0.31,33.15
25-01-2022 16:00,0.29,36.79
26-01-2022 00:00,0.19,35.78
26-01-2022 08:00,0.16,18.89
26-01-2022 16:00,0.25,18.11
27-01-2022 00:00,0.16,18.21
27-01-2022 08:00,0.19,26.45
27-01-2022 16:00,0.23,21.16
28-01-2022 00:00,0.15,18.15
28-01-2022 08:00,0.24,31.03
28-01-2022 16:00,0.48,36.02
29-01-2022 00:00,0.35,18.68
29-01-2022 08:00,0.38,33.26
29-01-2022 16:00,0.5,29.76
30-01-2022 00:00,0.42,21.63
30-01-2022 08:00,0.31,22.68
30-01-2022 16:00,0.53,22.15
31-01-2022 00:00,0.4,21.22
31-01-2022 08:00,0.59,22.83
31-01-2022 16:00,1.05,22.59
01-02-2022 0:00,0.43,18.34
01-02-2022 8:00,0.43,34.11
01-02-2022 16:00,0.61,36.6
02-02-2022 0:00,0.43,35.17
02-02-2022 8:00,0.54,45.43
02-02-2022 16:00,0.57,39.24
03-02-2022 0:00,0.4,35.26
03-02-2022 8:00,0.61,32.85
03-02-2022 16:00,1.49,36.67
04-02-2022 0:00,0.62,22.65
04-02-2022 8:00,0.66,36.81
04-02-2022 16:00,2.33,36.69
05-02-2022 0:00,1.01,36.4
05-02-2022 8:00,0.4,38.37
05-02-2022 16:00,0.59,38.23
06-02-2022 0:00,0.36,21.37
06-02-2022 8:00,0.28,22.78
06-02-2022 16:00,0.4,22.46
07-02-2022 0:00,0.26,21.58
07-02-2022 8:00,0.45,35.85
07-02-2022 16:00,0.78,34.15
08-02-2022 0:00,0.35,17.85
08-02-2022 8:00,0.35,19.05
08-02-2022 16:00,0.51,31.91
09-02-2022 0:00,0.33,17.74
09-02-2022 8:00,0.33,29.23
09-02-2022 16:00,0.46,31.93
10-02-2022 0:00,0.35,32.05
10-02-2022 8:00,0.39,35.18
10-02-2022 16:00,0.63,38.47
11-02-2022 0:00,0.48,37.78
11-02-2022 8:00,0.32,30.95
11-02-2022 16:00,0.48,23.85
12-02-2022 0:00,0.34,17.96
12-02-2022 8:00,0.35,31.77
12-02-2022 16:00,0.39,33.11
13-02-2022 00:00,0.32,31.11
13-02-2022 08:00,0.34,33.97
13-02-2022 16:00,0.42,24.97
14-02-2022 00:00,0.38,18.3
14-02-2022 08:00,0.37,27.51
14-02-2022 16:00,0.51,28.01
15-02-2022 00:00,0.33,17.85
15-02-2022 08:00,0.36,27.06
15-02-2022 16:00,0.49,27.96
16-02-2022 00:00,0.32,26.73
16-02-2022 08:00,0.37,29.38
16-02-2022 16:00,0.51,28
17-02-2022 00:00,0.39,27.4
17-02-2022 08:00,0.32,38.11
17-02-2022 16:00,0.45,38.18
18-02-2022 00:00,0.26,36.6
18-02-2022 08:00,0.3,38.86
18-02-2022 16:00,0.41,38.77
19-02-2022 00:00,0.3,22.75
19-02-2022 08:00,0.29,22.88
19-02-2022 16:00,0.43,20.48
20-02-2022 00:00,0.46,18.5
20-02-2022 08:00,0.48,19.2
20-02-2022 16:00,1.53,19.29
21-02-2022 00:00,0.79,18.4
21-02-2022 08:00,0.82,18.84
21-02-2022 16:00,1.47,18.82
22-02-2022 00:00,0.51,18.37
22-02-2022 08:00,0.51,26.25
22-02-2022 16:00,0.46,28.19
23-02-2022 00:00,0.25,19.13
23-02-2022 08:00,0.26,24.79
23-02-2022 16:00,0.45,28.58
24-02-2022 00:00,0.23,22.24
24-02-2022 08:00,0.19,23.31
24-02-2022 16:00,0.41,22.46
25-02-2022 00:00,0.32,22.13
25-02-2022 08:00,None,None
25-02-2022 16:00,None,None
26-02-2022 00:00,None,None
26-02-2022 08:00,None,None
26-02-2022 16:00,None,None
27-02-2022 00:00,None,None
27-02-2022 08:00,None,None
27-02-2022 16:00,None,None
28-02-2022 00:00,None,None
28-02-2022 08:00,None,None
28-02-2022 16:00,None,None
01-03-2022 0:00,None,None
01-03-2022 8:00,None,None
01-03-2022 16:00,None,None
02-03-2022 0:00,None,None
02-03-2022 8:00,0.19,29.05
02-03-2022 16:00,0.63,25.38
03-03-2022 0:00,None,None
03-03-2022 8:00,None,None
03-03-2022 16:00,0.63,38.56
04-03-2022 0:00,0.34,25.02
04-03-2022 8:00,0.32,34.19
04-03-2022 16:00,0.59,37.54
05-03-2022 0:00,0.36,22.7
05-03-2022 8:00,0.35,23.12
05-03-2022 16:00,0.56,21.78
06-03-2022 0:00,0.43,18.68
06-03-2022 8:00,0.3,34.74
06-03-2022 16:00,0.38,29.09
07-03-2022 0:00,0.2,22.19
07-03-2022 8:00,0.35,29.28
07-03-2022 16:00,0.51,35.85
08-03-2022 0:00,0.31,21.66
08-03-2022 8:00,0.33,38.96
08-03-2022 16:00,0.39,37.24
09-03-2022 0:00,0.4,22.27
09-03-2022 8:00,0.32,129.95
09-03-2022 16:00,0.52,153.07
10-03-2022 0:00,0.43,148.39
10-03-2022 8:00,0.4,22.5
10-03-2022 16:00,0.43,36.62
11-03-2022 0:00,0.97,28.14
11-03-2022 8:00,0.35,29.28
11-03-2022 16:00,0.56,29.11
12-03-2022 0:00,0.77,28.45
12-03-2022 8:00,0.37,37.14
12-03-2022 16:00,0.55,38.21
13-03-2022 00:00,0.67,25.8
13-03-2022 08:00,0.32,33.96
13-03-2022 16:00,0.44,33.86
14-03-2022 00:00,0.68,32.48
14-03-2022 08:00,0.39,36.86
14-03-2022 16:00,0.59,27.3
15-03-2022 00:00,0.46,22.23
15-03-2022 08:00,0.57,34.24
15-03-2022 16:00,1.45,38.42
16-03-2022 00:00,0.72,37.32
16-03-2022 08:00,0.58,38.45
16-03-2022 16:00,1.29,38.76
17-03-2022 00:00,1.07,25.05
17-03-2022 08:00,0.63,22.96
17-03-2022 16:00,0.86,37.39
18-03-2022 00:00,0.67,24.24
18-03-2022 08:00,0.69,34.44
18-03-2022 16:00,0.87,45.62
19-03-2022 00:00,0.84,42.7
19-03-2022 08:00,0.66,46.07
19-03-2022 16:00,0.75,45.12
20-03-2022 00:00,0.44,29.11
20-03-2022 08:00,0.63,36.48
20-03-2022 16:00,0.83,35.94
21-03-2022 00:00,0.53,22.04
21-03-2022 08:00,0.78,30.17
21-03-2022 16:00,0.86,37.27
22-03-2022 00:00,0.46,36.38
22-03-2022 08:00,0.77,43.25
22-03-2022 16:00,1.17,45.19
23-03-2022 00:00,0.82,26.47
23-03-2022 08:00,0.59,28.78
23-03-2022 16:00,0.48,27.31
24-03-2022 00:00,0.55,22.07
24-03-2022 08:00,0.51,22.62
24-03-2022 16:00,0.46,22.03
25-03-2022 00:00,0.43,22.16
25-03-2022 08:00,0.54,34.63
25-03-2022 16:00,0.44,34.72
26-03-2022 00:00,0.47,22.2
26-03-2022 08:00,0.49,22.8
26-03-2022 16:00,0.41,22.38
27-03-2022 00:00,0.46,21.2
27-03-2022 08:00,0.41,30.92
27-03-2022 16:00,0.55,48.14
28-03-2022 00:00,0.41,46.61
28-03-2022 08:00,0.52,49.34
28-03-2022 16:00,0.55,47.75
29-03-2022 00:00,0.45,21.9
29-03-2022 08:00,0.57,38.23
29-03-2022 16:00,0.66,37.66
30-03-2022 00:00,0.48,25.64
30-03-2022 08:00,0.66,37.26
30-03-2022 16:00,1.14,37.07
31-03-2022 00:00,0.47,34.2
31-03-2022 08:00,0.74,22.66
31-03-2022 16:00,1.03,47.34
01-04-2022 0:00,0.5,44.18
01-04-2022 8:00,0.55,41.35
01-04-2022 16:00,1.1,41.79
02-04-2022 0:00,0.41,26.6
02-04-2022 8:00,0.45,27.96
02-04-2022 16:00,0.76,27.59
03-04-2022 0:00,0.43,26.85
03-04-2022 8:00,0.29,28.43
03-04-2022 16:00,0.42,28.08
04-04-2022 0:00,0.31,27.35
04-04-2022 8:00,0.34,40.42
04-04-2022 16:00,0.39,45.95
05-04-2022 0:00,0.29,24.9
05-04-2022 8:00,0.39,36.64
05-04-2022 16:00,0.43,37.74
06-04-2022 0:00,0.4,28.55
06-04-2022 8:00,0.42,37.96
06-04-2022 16:00,0.4,37.31
07-04-2022 0:00,0.46,36.83
07-04-2022 8:00,0.59,37.26
07-04-2022 16:00,0.46,36.55
08-04-2022 0:00,0.31,30.06
08-04-2022 8:00,0.34,46.35
08-04-2022 16:00,0.41,45.04
09-04-2022 0:00,0.25,27.25
09-04-2022 8:00,0.4,38.81
09-04-2022 16:00,0.32,45.12
10-04-2022 0:00,0.27,41
10-04-2022 8:00,0.67,43.62
10-04-2022 16:00,0.53,33.74
11-04-2022 0:00,0.3,32.65
11-04-2022 8:00,0.32,40.88
11-04-2022 16:00,0.41,40.04
12-04-2022 0:00,0.21,25.29
12-04-2022 8:00,0.3,37.62
12-04-2022 16:00,0.44,36.15
13-04-2022 00:00,None,None
13-04-2022 08:00,0.29,29.56
13-04-2022 16:00,0.61,33.01
14-04-2022 00:00,0.32,27.75
14-04-2022 08:00,0.42,37.47
14-04-2022 16:00,0.84,35.38
15-04-2022 00:00,0.59,35.42
15-04-2022 08:00,0.49,43.94
15-04-2022 16:00,0.83,35.5
16-04-2022 00:00,0.54,35.18
16-04-2022 08:00,0.72,40.97
16-04-2022 16:00,0.85,42.46
17-04-2022 00:00,0.47,39.33
17-04-2022 08:00,0.53,40.23
17-04-2022 16:00,0.7,39.81
18-04-2022 00:00,0.39,25.86
18-04-2022 08:00,0.73,26.32
18-04-2022 16:00,1.12,25.14
19-04-2022 00:00,0.58,26.04
19-04-2022 08:00,0.63,26.08
19-04-2022 16:00,0.96,28.74
20-04-2022 00:00,0.59,22.61
20-04-2022 08:00,0.46,38.03
20-04-2022 16:00,0.51,30.16
21-04-2022 00:00,0.38,25.6
21-04-2022 08:00,0.34,38.56
21-04-2022 16:00,0.33,40.73
22-04-2022 00:00,0.31,27.9
22-04-2022 08:00,0.4,38.94
22-04-2022 16:00,0.25,39.17
23-04-2022 00:00,0.29,25.32
23-04-2022 08:00,0.25,36.51
23-04-2022 16:00,0.33,38.36
24-04-2022 00:00,None,None
24-04-2022 08:00,None,None
24-04-2022 16:00,None,None
25-04-2022 00:00,None,None
25-04-2022 08:00,None,None
25-04-2022 16:00,None,None
26-04-2022 00:00,None,None
26-04-2022 08:00,None,None
26-04-2022 16:00,None,None
27-04-2022 00:00,None,None
27-04-2022 08:00,None,None
27-04-2022 16:00,None,None
28-04-2022 00:00,None,None
28-04-2022 08:00,None,None
28-04-2022 16:00,None,None
29-04-2022 00:00,None,None
29-04-2022 08:00,None,None
29-04-2022 16:00,None,None
30-04-2022 00:00,None,None
30-04-2022 08:00,None,None
30-04-2022 16:00,None,None
01-05-2022 0:00,None,None
01-05-2022 8:00,None,None
01-05-2022 16:00,0.53,40.87
02-05-2022 0:00,0.19,36.55
02-05-2022 8:00,0.42,37.54
02-05-2022 16:00,0.63,33.37
03-05-2022 0:00,0.25,25.29
03-05-2022 8:00,0.33,31.95
03-05-2022 16:00,0.22,35.97
04-05-2022 0:00,0.24,37.11
04-05-2022 8:00,0.34,38.86
04-05-2022 16:00,0.43,35.86
05-05-2022 0:00,0.22,35.77
05-05-2022 8:00,0.41,28.51
05-05-2022 16:00,0.69,27.09
06-05-2022 0:00,0.4,22.24
06-05-2022 8:00,0.34,25.46
06-05-2022 16:00,0.68,28.1
07-05-2022 0:00,0.44,27.03
07-05-2022 8:00,0.52,28.56
07-05-2022 16:00,0.52,28.35
08-05-2022 0:00,0.32,27.85
08-05-2022 8:00,0.4,35.41
08-05-2022 16:00,0.37,37.93
09-05-2022 0:00,0.23,35.87
09-05-2022 8:00,0.45,37.97
09-05-2022 16:00,0.37,28.78
10-05-2022 0:00,0.17,17.85
10-05-2022 8:00,0.51,18.33
10-05-2022 16:00,0.57,18
11-05-2022 0:00,0.21,18.07
11-05-2022 8:00,0.35,18.59
11-05-2022 16:00,0.3,18.89
12-05-2022 0:00,0.16,18.02
12-05-2022 8:00,0.37,18.33
12-05-2022 16:00,0.35,18.14
13-05-2022 00:00,0.15,18.52
13-05-2022 08:00,0.43,19.19
13-05-2022 16:00,0.38,19.53
14-05-2022 00:00,0.2,19.65
14-05-2022 08:00,0.39,19.73
14-05-2022 16:00,0.59,19.63
15-05-2022 00:00,0.19,19.5
15-05-2022 08:00,0.32,19.61
15-05-2022 16:00,0.59,19.61
16-05-2022 00:00,0.15,19.53
16-05-2022 08:00,0.45,19.62
16-05-2022 16:00,0.39,19.62
17-05-2022 00:00,0.24,19.56
17-05-2022 08:00,0.43,25.14
17-05-2022 16:00,0.68,27.67
18-05-2022 00:00,None,None
18-05-2022 08:00,0.51,27.33
18-05-2022 16:00,None,None
19-05-2022 00:00,None,None
19-05-2022 08:00,None,None
19-05-2022 16:00,None,None
20-05-2022 00:00,None,None
20-05-2022 08:00,None,None
20-05-2022 16:00,None,None
21-05-2022 00:00,None,None
21-05-2022 08:00,None,None
21-05-2022 16:00,None,None
22-05-2022 00:00,None,None
22-05-2022 08:00,None,None
22-05-2022 16:00,None,None
23-05-2022 00:00,None,None
23-05-2022 08:00,None,None
23-05-2022 16:00,None,None
24-05-2022 00:00,None,None
24-05-2022 08:00,None,None
24-05-2022 16:00,None,None
25-05-2022 00:00,None,None
25-05-2022 08:00,None,None
25-05-2022 16:00,None,None
26-05-2022 00:00,None,None
26-05-2022 08:00,None,None
26-05-2022 16:00,None,None
27-05-2022 00:00,None,None
27-05-2022 08:00,None,None
27-05-2022 16:00,None,None
28-05-2022 00:00,None,None
28-05-2022 08:00,None,None
28-05-2022 16:00,None,None
29-05-2022 00:00,None,None
29-05-2022 08:00,None,None
29-05-2022 16:00,None,None
30-05-2022 00:00,None,None
30-05-2022 08:00,None,None
30-05-2022 16:00,None,None
31-05-2022 00:00,None,None
31-05-2022 08:00,None,None
31-05-2022 16:00,None,None
01-06-2022 0:00,None,None
01-06-2022 8:00,None,None
01-06-2022 16:00,None,None
02-06-2022 0:00,None,None
02-06-2022 8:00,None,None
02-06-2022 16:00,None,None
03-06-2022 0:00,None,None
03-06-2022 8:00,0.32,24.98
03-06-2022 16:00,1.1,27.5
04-06-2022 0:00,0.96,28.64
04-06-2022 8:00,0.93,27.77
04-06-2022 16:00,0.95,28.55
05-06-2022 0:00,0.91,27.36
05-06-2022 8:00,1.02,26.57
05-06-2022 16:00,1.68,27.95
06-06-2022 0:00,0.8,27.8
06-06-2022 8:00,1.03,27.5
06-06-2022 16:00,1.19,27.32
07-06-2022 0:00,0.23,24.98
07-06-2022 8:00,0.56,26.97
07-06-2022 16:00,1.34,25.36
08-06-2022 0:00,None,None
08-06-2022 8:00,0.92,28.43
08-06-2022 16:00,1,27.23
09-06-2022 0:00,1.04,27.69
09-06-2022 8:00,0.4,27.32
09-06-2022 16:00,0.45,27.31
10-06-2022 0:00,0.51,27.74
10-06-2022 8:00,0.4,27.42
10-06-2022 16:00,0.48,27.22
11-06-2022 0:00,0.45,27.61
11-06-2022 8:00,0.41,27.37
11-06-2022 16:00,0.44,30.84
12-06-2022 0:00,0.41,31.58
12-06-2022 8:00,0.43,31.51
12-06-2022 16:00,0.35,31.31
13-06-2022 00:00,0.38,31.37
13-06-2022 08:00,0.38,31.56
13-06-2022 16:00,0.5,36.99
14-06-2022 00:00,0.33,29.38
14-06-2022 08:00,0.41,28.77
14-06-2022 16:00,0.49,26.36
15-06-2022 00:00,0.52,23.6
15-06-2022 08:00,0.48,26.67
15-06-2022 16:00,0.47,29.4
16-06-2022 00:00,0.44,29.45
16-06-2022 08:00,0.38,29.07
16-06-2022 16:00,0.53,29.28
17-06-2022 00:00,None,29.38
17-06-2022 08:00,0.42,28.98
17-06-2022 16:00,0.67,28.55
18-06-2022 00:00,0.68,19.83
18-06-2022 08:00,0.41,19.53
18-06-2022 16:00,0.48,19.58
19-06-2022 00:00,0.44,19.53
19-06-2022 08:00,0.34,19.39
19-06-2022 16:00,0.44,15.4
20-06-2022 00:00,0.42,18.64
20-06-2022 08:00,0.43,16.21
20-06-2022 16:00,0.75,25.29
21-06-2022 00:00,None,21.55
21-06-2022 08:00,0.3,18.25
21-06-2022 16:00,0.16,20.83
22-06-2022 00:00,0.34,29.77
22-06-2022 08:00,1.07,20.87
22-06-2022 16:00,0.9,19.39
23-06-2022 00:00,0.46,19.7
23-06-2022 08:00,0.79,19.85
23-06-2022 16:00,1.03,19.48
24-06-2022 00:00,0.39,19.81
24-06-2022 08:00,0.74,19.71
24-06-2022 16:00,0.88,19.74
25-06-2022 00:00,0.37,20.28
25-06-2022 08:00,0.9,19.98
25-06-2022 16:00,1.06,19.18
26-06-2022 00:00,0.41,19.79
26-06-2022 08:00,0.62,19.93
26-06-2022 16:00,0.76,19.74
27-06-2022 00:00,0.35,20.12
27-06-2022 08:00,0.83,20.05
27-06-2022 16:00,1,19.25
28-06-2022 00:00,0.4,19.78
28-06-2022 08:00,0.8,20.06
28-06-2022 16:00,0.96,19.7
29-06-2022 00:00,0.39,20.14
29-06-2022 08:00,0.9,20.24
29-06-2022 16:00,1.31,29.35
30-06-2022 00:00,0.43,29.87
30-06-2022 08:00,1,29.84
30-06-2022 16:00,0.9,28.36
01-07-2022 0:00,0.33,19.5
01-07-2022 8:00,1.06,26.92
01-07-2022 16:00,1.16,24.42
02-07-2022 0:00,0.48,19.66
02-07-2022 8:00,1.06,24.81
02-07-2022 16:00,1.36,32.06
03-07-2022 0:00,0.45,24.65
03-07-2022 8:00,0.67,23.99
03-07-2022 16:00,0.67,24.09
04-07-2022 0:00,0.37,24.83
04-07-2022 8:00,0.92,24.22
04-07-2022 16:00,0.9,23.41
05-07-2022 0:00,0.39,24.08
05-07-2022 8:00,0.87,24.13
05-07-2022 16:00,0.97,23.75
06-07-2022 0:00,None,None
06-07-2022 8:00,0.97,24.46
06-07-2022 16:00,0.89,23.77
07-07-2022 0:00,0.42,23.53
07-07-2022 8:00,1.2,23.25
07-07-2022 16:00,1.03,22.79
08-07-2022 0:00,0.37,24.83
08-07-2022 8:00,1.12,23.64
08-07-2022 16:00,1.29,23
09-07-2022 0:00,0.51,23.07
09-07-2022 8:00,1,23.34
09-07-2022 16:00,1.14,22.81
10-07-2022 0:00,0.44,23.42
10-07-2022 8:00,0.77,24.22
10-07-2022 16:00,0.81,23.5
11-07-2022 0:00,0.36,24.63
11-07-2022 8:00,0.99,23.75
11-07-2022 16:00,1.07,22.97
12-07-2022 0:00,0.33,24.31
12-07-2022 8:00,0.81,24.16
12-07-2022 16:00,0.91,23.44
13-07-2022 00:00,0.38,24.01
13-07-2022 08:00,0.94,23.54
13-07-2022 16:00,0.91,23.2
14-07-2022 00:00,0.35,24.08
14-07-2022 08:00,0.97,23.65
14-07-2022 16:00,0.98,22.89
15-07-2022 00:00,0.41,23.49
15-07-2022 08:00,0.83,23.66
15-07-2022 16:00,1.11,22.57
16-07-2022 00:00,0.47,22.64
16-07-2022 08:00,0.97,22.84
16-07-2022 16:00,1.19,22.27
17-07-2022 00:00,0.38,22.36
17-07-2022 08:00,0.86,23
17-07-2022 16:00,0.84,22.21
18-07-2022 00:00,0.41,22.47
18-07-2022 08:00,1.24,22.44
18-07-2022 16:00,0.94,22.44
19-07-2022 00:00,0.48,22.49
19-07-2022 08:00,0.86,23.15
19-07-2022 16:00,1.46,22.39
20-07-2022 00:00,0.51,22.51
20-07-2022 08:00,1.16,24.82
20-07-2022 16:00,1.61,22.52
21-07-2022 00:00,0.51,22.5
21-07-2022 08:00,1.37,23.54
21-07-2022 16:00,1.66,22.19
22-07-2022 00:00,0.48,22.41
22-07-2022 08:00,1.24,21.87
22-07-2022 16:00,1.56,22.13
23-07-2022 00:00,0.45,21.64
23-07-2022 08:00,1.04,22.09
23-07-2022 16:00,1.38,21.38
24-07-2022 00:00,0.43,21.74
24-07-2022 08:00,0.77,22.18
24-07-2022 16:00,1.03,21.41
25-07-2022 00:00,0.53,21.47
25-07-2022 08:00,1.07,22.23
25-07-2022 16:00,1.33,25.66
26-07-2022 00:00,0.51,26.83
26-07-2022 08:00,1.09,28.19
26-07-2022 16:00,1.38,26.84
27-07-2022 00:00,0.42,27.5
27-07-2022 08:00,0.73,31.34
27-07-2022 16:00,1.07,28.24
28-07-2022 00:00,0.44,28.72
28-07-2022 08:00,0.94,41.27
28-07-2022 16:00,1.4,30
29-07-2022 00:00,0.56,29.29
29-07-2022 08:00,0.5,43.26
29-07-2022 16:00,0.64,40.87
30-07-2022 00:00,0.63,33.8
30-07-2022 08:00,1.02,43.18
30-07-2022 16:00,1.09,40.8
31-07-2022 00:00,0.61,34.69
31-07-2022 08:00,1.03,39.18
31-07-2022 16:00,1.71,32.13
01-08-2022 0:00,0.7,33.57
01-08-2022 8:00,0.94,41.16
01-08-2022 16:00,0.92,38.32
02-08-2022 0:00,0.58,36.54
02-08-2022 8:00,1.34,40.69
02-08-2022 16:00,1.47,35.53
03-08-2022 0:00,None,None
03-08-2022 8:00,1.24,26.65
03-08-2022 16:00,1.79,22.54
04-08-2022 0:00,1.1,22.66
04-08-2022 8:00,1.98,22.42
04-08-2022 16:00,0.44,23.47
05-08-2022 0:00,0.3,24.52
05-08-2022 8:00,0.77,24.12
05-08-2022 16:00,0.79,22.89
06-08-2022 0:00,0.34,24.94
06-08-2022 8:00,0.96,23.51
06-08-2022 16:00,0.98,22.74
07-08-2022 0:00,0.29,24.63
07-08-2022 8:00,0.77,23.64
07-08-2022 16:00,0.87,22.74
08-08-2022 0:00,0.35,23.86
08-08-2022 8:00,0.9,23.04
08-08-2022 16:00,1.12,22.22
09-08-2022 0:00,0.31,24.09
09-08-2022 8:00,0.76,23.65
09-08-2022 16:00,1.32,22.2
10-08-2022 0:00,0.39,23.4
10-08-2022 8:00,0.77,23.74
10-08-2022 16:00,0.97,22.48
11-08-2022 0:00,0.24,23.78
11-08-2022 8:00,0.86,30.19
11-08-2022 16:00,0.9,30.1
12-08-2022 0:00,0.46,29.78
12-08-2022 8:00,0.94,30.45
12-08-2022 16:00,1.16,29.24
13-08-2022 00:00,0.41,30.13
13-08-2022 08:00,0.8,30.82
13-08-2022 16:00,1,29.49
14-08-2022 00:00,0.41,30.12
14-08-2022 08:00,0.64,31.48
14-08-2022 16:00,0.72,26.19
15-08-2022 00:00,0.38,22.82
15-08-2022 08:00,0.68,29.39
15-08-2022 16:00,0.83,28.62
16-08-2022 00:00,0.53,27.71
16-08-2022 08:00,0.61,30.83
16-08-2022 16:00,1.77,28.65
17-08-2022 00:00,0.49,27.27
17-08-2022 08:00,0.88,34.9
17-08-2022 16:00,1.33,33.18
18-08-2022 00:00,0.34,33.47
18-08-2022 08:00,1,33.48
18-08-2022 16:00,1.54,32.76
19-08-2022 00:00,0.31,33.07
19-08-2022 08:00,0.95,33
19-08-2022 16:00,1.31,32.41
20-08-2022 00:00,0.38,33.02
20-08-2022 08:00,0.95,33.19
20-08-2022 16:00,1.03,32.85
21-08-2022 00:00,0.33,32.82
21-08-2022 08:00,0.76,33.59
21-08-2022 16:00,1.19,32.73
22-08-2022 00:00,0.51,33.11
22-08-2022 08:00,1.02,36.7
22-08-2022 16:00,1.23,33.42
23-08-2022 00:00,0.43,33.04
23-08-2022 08:00,1.02,37.41
23-08-2022 16:00,1.03,33.77
24-08-2022 00:00,0.54,33.47
24-08-2022 08:00,1.18,36.42
24-08-2022 16:00,1.08,32.93
25-08-2022 00:00,0.45,22.13
25-08-2022 08:00,1.21,24.08
25-08-2022 16:00,1.6,22.31
26-08-2022 00:00,0.5,22.5
26-08-2022 08:00,1.1,24.24
26-08-2022 16:00,2.71,22.15
27-08-2022 00:00,0.64,22.81
27-08-2022 08:00,1.18,25.99
27-08-2022 16:00,1.21,22.68
28-08-2022 00:00,0.47,23.24
28-08-2022 08:00,0.8,30.09
28-08-2022 16:00,1.01,23.35
29-08-2022 00:00,0.54,23.58
29-08-2022 08:00,1.11,30.22
29-08-2022 16:00,1.62,22.83
30-08-2022 00:00,0.43,24.08
30-08-2022 08:00,0.45,39.01
30-08-2022 16:00,0.7,26.92
31-08-2022 00:00,0.36,25.47
31-08-2022 08:00,0.25,36.41
31-08-2022 16:00,0.78,24.14
01-09-2022 0:00,0.44,23.03
01-09-2022 8:00,0.71,33.58
01-09-2022 16:00,1.07,22.74
02-09-2022 0:00,0.51,22.21
02-09-2022 8:00,0.53,35.63
02-09-2022 16:00,1.49,24.18
03-09-2022 0:00,0.7,22.56
03-09-2022 8:00,0.74,45.61
03-09-2022 16:00,1.06,30.42
04-09-2022 0:00,0.56,22.81
04-09-2022 8:00,0.88,37.2
04-09-2022 16:00,1.13,26.2
05-09-2022 0:00,0.61,23.31
05-09-2022 8:00,0.58,42.21
05-09-2022 16:00,1.09,27.22
06-09-2022 0:00,0.53,23.73
06-09-2022 8:00,0.93,34.33
06-09-2022 16:00,0.82,25.36
07-09-2022 0:00,0.41,23.16
07-09-2022 8:00,0.9,25.91
07-09-2022 16:00,0.88,22.9
08-09-2022 0:00,0.33,23.18
08-09-2022 8:00,0.99,23.42
08-09-2022 16:00,0.81,23.26
09-09-2022 0:00,0.43,23
09-09-2022 8:00,0.83,25.34
09-09-2022 16:00,None,None
10-09-2022 0:00,None,None
10-09-2022 8:00,None,None
10-09-2022 16:00,None,None
11-09-2022 0:00,None,None
11-09-2022 8:00,None,None
11-09-2022 16:00,None,None
12-09-2022 0:00,None,None
12-09-2022 8:00,None,None
12-09-2022 16:00,None,None
13-09-2022 00:00,None,None
13-09-2022 08:00,None,None
13-09-2022 16:00,1.44,22.08
14-09-2022 00:00,0.4,22.73
14-09-2022 08:00,0.86,25.28
14-09-2022 16:00,1.01,23.46
15-09-2022 00:00,0.44,22.06
15-09-2022 08:00,0.91,24.95
15-09-2022 16:00,1.3,22.39
16-09-2022 00:00,0.48,22.65
16-09-2022 08:00,0.86,25.27
16-09-2022 16:00,1.21,22.84
17-09-2022 00:00,0.48,22.14
17-09-2022 08:00,0.88,31.76
17-09-2022 16:00,1.36,28.95
18-09-2022 00:00,0.47,28.6
18-09-2022 08:00,0.71,34.89
18-09-2022 16:00,1.18,28.82
19-09-2022 00:00,0.54,29.11
19-09-2022 08:00,1.01,32.91
19-09-2022 16:00,1.12,28.83
20-09-2022 00:00,0.45,28.83
20-09-2022 08:00,0.97,35.31
20-09-2022 16:00,1.17,29.51
21-09-2022 00:00,0.46,28.82
21-09-2022 08:00,1.04,33.17
21-09-2022 16:00,2.19,28.91
22-09-2022 00:00,0.42,29.12
22-09-2022 08:00,0.85,35.25
22-09-2022 16:00,1.31,29.47
23-09-2022 00:00,0.48,29.78
23-09-2022 08:00,0.93,35.62
23-09-2022 16:00,1.38,29.43
24-09-2022 00:00,0.45,29.66
24-09-2022 08:00,0.99,34.87
24-09-2022 16:00,1.7,28.71
25-09-2022 00:00,0.53,28.23
25-09-2022 08:00,0.76,38.51
25-09-2022 16:00,1.96,28.9
26-09-2022 00:00,0.78,27.55
26-09-2022 08:00,1.28,32.88
26-09-2022 16:00,1.77,27.8
27-09-2022 00:00,0.58,28.18
27-09-2022 08:00,1.42,31.53
27-09-2022 16:00,None,None
28-09-2022 00:00,None,None
28-09-2022 08:00,None,None
28-09-2022 16:00,None,None
29-09-2022 00:00,None,None
29-09-2022 08:00,None,None
29-09-2022 16:00,None,None
30-09-2022 00:00,None,None
30-09-2022 08:00,None,None
30-09-2022 16:00,None,None
01-10-2022 0:00,None,None
01-10-2022 8:00,None,None
01-10-2022 16:00,None,None
02-10-2022 0:00,None,None
02-10-2022 8:00,None,None
02-10-2022 16:00,None,None
03-10-2022 0:00,None,None
03-10-2022 8:00,None,None
03-10-2022 16:00,None,None
04-10-2022 0:00,None,None
04-10-2022 8:00,None,None
04-10-2022 16:00,0.84,23.09
05-10-2022 0:00,0.55,21.81
05-10-2022 8:00,0.84,28.85
05-10-2022 16:00,1.45,22.99
06-10-2022 0:00,0.55,23.2
06-10-2022 8:00,1.04,25.65
06-10-2022 16:00,1.25,21.21
07-10-2022 0:00,0.55,21.2
07-10-2022 8:00,1.11,23.94
07-10-2022 16:00,None,None
08-10-2022 0:00,None,None
08-10-2022 8:00,0.9,29.13
08-10-2022 16:00,None,None
09-10-2022 0:00,None,None
09-10-2022 8:00,1.37,24.17
09-10-2022 16:00,1.21,20.12
10-10-2022 0:00,0.54,20.26
10-10-2022 8:00,1.2,23.88
10-10-2022 16:00,1.23,20
11-10-2022 0:00,0.5,20.63
11-10-2022 8:00,0.41,30.09
11-10-2022 16:00,0.78,23.71
12-10-2022 0:00,0.51,21.74
12-10-2022 8:00,0.89,24.71
12-10-2022 16:00,1.19,22.52
13-10-2022 00:00,0.55,21.93
13-10-2022 08:00,0.55,29.98
13-10-2022 16:00,0.71,27.05
14-10-2022 00:00,None,None
14-10-2022 08:00,1.54,38.95
14-10-2022 16:00,1.49,20.1
15-10-2022 00:00,0.56,21.37
15-10-2022 08:00,0.79,29.69
15-10-2022 16:00,1.08,22.82
16-10-2022 00:00,0.25,26.74
16-10-2022 08:00,0.44,33.56
16-10-2022 16:00,1.08,22.47
17-10-2022 00:00,0.23,23.89
17-10-2022 08:00,0.29,25.36
17-10-2022 16:00,0.85,23.01
18-10-2022 00:00,0.42,23.48
18-10-2022 08:00,0.82,30.34
18-10-2022 16:00,1.69,20.68
19-10-2022 00:00,0.52,20.73
19-10-2022 08:00,0.67,34.24
19-10-2022 16:00,0.97,24.15
20-10-2022 00:00,0.67,21.31
20-10-2022 08:00,0.74,34.41
20-10-2022 16:00,0.82,23.27
21-10-2022 00:00,0.35,23.38
21-10-2022 08:00,0.58,30.1
21-10-2022 16:00,0.74,26.81
22-10-2022 00:00,0.67,20.84
22-10-2022 08:00,0.56,37.9
22-10-2022 16:00,1.13,25.13
23-10-2022 00:00,0.56,23.28
23-10-2022 08:00,0.67,42.75
23-10-2022 16:00,1.55,23.47
24-10-2022 00:00,0.5,29.35
24-10-2022 08:00,0.58,41.53
24-10-2022 16:00,1.76,23.96
25-10-2022 00:00,1.14,18.27
25-10-2022 08:00,0.62,46.35
25-10-2022 16:00,1.94,23.3
26-10-2022 00:00,1.55,18.36
26-10-2022 08:00,0.54,55.18
26-10-2022 16:00,2.05,20.56
27-10-2022 00:00,0.89,20.12
27-10-2022 08:00,0.37,42.23
27-10-2022 16:00,1.66,24.07
28-10-2022 00:00,0.58,21.51
28-10-2022 08:00,0.49,38.62
28-10-2022 16:00,0.76,24.8
29-10-2022 00:00,0.34,26.97
29-10-2022 08:00,0.61,35.53
29-10-2022 16:00,0.58,29.44
30-10-2022 00:00,0.45,25.79
30-10-2022 08:00,0.57,39.17
30-10-2022 16:00,0.74,26.13
31-10-2022 00:00,0.49,22.59
31-10-2022 08:00,0.72,43.76
31-10-2022 16:00,0.98,28.47
01-11-2022 0:00,0.63,26.69
01-11-2022 8:00,0.61,36.08
01-11-2022 16:00,0.6,21.53
02-11-2022 0:00,0.45,19.65
02-11-2022 8:00,0.69,24.44
02-11-2022 16:00,0.67,20.45
03-11-2022 0:00,0.39,21.29
03-11-2022 8:00,0.89,25.56
03-11-2022 16:00,0.36,21.69
04-11-2022 0:00,0.32,22.56
04-11-2022 8:00,0.49,25.75
04-11-2022 16:00,0.58,21.56
05-11-2022 0:00,0.36,22
05-11-2022 8:00,0.49,28.13
05-11-2022 16:00,0.58,25.31
06-11-2022 0:00,0.3,24.39
06-11-2022 8:00,0.48,32.72
06-11-2022 16:00,0.75,28.62
07-11-2022 0:00,0.52,31.72
07-11-2022 8:00,0.74,37.96
07-11-2022 16:00,1.83,25.1
08-11-2022 0:00,0.66,21.14
08-11-2022 8:00,0.54,38.44
08-11-2022 16:00,1.46,22.6
09-11-2022 0:00,0.47,24.44
09-11-2022 8:00,0.66,37.85
09-11-2022 16:00,2.2,22.68
10-11-2022 0:00,0.5,24.51
10-11-2022 8:00,0.49,34.96
10-11-2022 16:00,0.67,28.42
11-11-2022 0:00,0.38,33.56
11-11-2022 8:00,0.76,33.89
11-11-2022 16:00,0.9,31
12-11-2022 0:00,0.47,39.26
12-11-2022 8:00,0.85,24.6
12-11-2022 16:00,0.73,19.57
13-11-2022 00:00,0.24,20.37
13-11-2022 08:00,0.41,23.8
13-11-2022 16:00,0.75,19.62
14-11-2022 00:00,0.31,20.98
14-11-2022 08:00,0.42,27.26
14-11-2022 16:00,0.76,21.7
15-11-2022 00:00,0.4,29.61
15-11-2022 08:00,0.56,41.92
15-11-2022 16:00,1.1,24.15
16-11-2022 00:00,0.64,26.23
16-11-2022 08:00,0.7,40.21
16-11-2022 16:00,1.29,25.42
17-11-2022 00:00,0.89,20.17
17-11-2022 08:00,0.7,41.68
17-11-2022 16:00,1.94,22.28
18-11-2022 00:00,0.8,18.63
18-11-2022 08:00,0.58,50.26
18-11-2022 16:00,2.05,23.56
19-11-2022 00:00,0.52,23.87
19-11-2022 08:00,0.55,49.95
19-11-2022 16:00,1.48,23.29
20-11-2022 00:00,0.96,20.33
20-11-2022 08:00,0.68,42.1
20-11-2022 16:00,1.19,23.5
21-11-2022 00:00,0.8,24.56
21-11-2022 08:00,0.83,42.7
21-11-2022 16:00,0.87,31.93
22-11-2022 00:00,0.42,26.21
22-11-2022 08:00,0.83,25.44
22-11-2022 16:00,1.21,21
23-11-2022 00:00,0.44,22.7
23-11-2022 08:00,0.87,26.02
23-11-2022 16:00,1.81,18.95
24-11-2022 00:00,0.49,20.54
24-11-2022 08:00,0.49,26.47
24-11-2022 16:00,1.15,22.3
25-11-2022 00:00,0.44,26.42
25-11-2022 08:00,0.37,31.43
25-11-2022 16:00,1.26,24.6
26-11-2022 00:00,0.27,24.01
26-11-2022 08:00,0.35,31.41
26-11-2022 16:00,0.94,24.93
27-11-2022 00:00,0.4,29.45
27-11-2022 08:00,0.38,37.33
27-11-2022 16:00,0.58,31.6
28-11-2022 00:00,0.44,31.56
28-11-2022 08:00,0.63,49.99
28-11-2022 16:00,1.3,28.02
29-11-2022 00:00,0.46,40.3
29-11-2022 08:00,0.76,48.63
29-11-2022 16:00,1.23,27.89
30-11-2022 00:00,0.43,38.55
30-11-2022 08:00,0.59,51.3
30-11-2022 16:00,1.46,27.14
01-12-2022 0:00,0.45,34.32
01-12-2022 8:00,0.51,41.05
01-12-2022 16:00,1.26,21.01
02-12-2022 0:00,0.43,23.83
02-12-2022 8:00,0.37,28.67
02-12-2022 16:00,1.44,21.28
03-12-2022 0:00,0.32,22.72
03-12-2022 8:00,0.42,23.59
03-12-2022 16:00,0.65,20.49
04-12-2022 0:00,None,None
04-12-2022 8:00,0.33,26.89
04-12-2022 16:00,0.57,24.83
05-12-2022 0:00,0.46,29.61
05-12-2022 8:00,0.52,39.53
05-12-2022 16:00,0.77,29.66
06-12-2022 0:00,0.35,36.28
06-12-2022 8:00,0.63,42.31
06-12-2022 16:00,1.22,22.89
07-12-2022 0:00,0.66,23.22
07-12-2022 8:00,0.52,38.07
07-12-2022 16:00,1.89,20.36
08-12-2022 0:00,0.7,22.64
08-12-2022 8:00,0.86,36.25
08-12-2022 16:00,1.37,26.81
09-12-2022 0:00,0.57,38.91
09-12-2022 8:00,1.12,33.96
09-12-2022 16:00,1.44,24.96
10-12-2022 0:00,0.85,24.25
10-12-2022 8:00,1.16,21.03
10-12-2022 16:00,1.26,20.01
11-12-2022 0:00,0.59,19.5
11-12-2022 8:00,None,None
11-12-2022 16:00,None,None
12-12-2022 0:00,None,None
12-12-2022 8:00,None,None
12-12-2022 16:00,None,None
13-12-2022 00:00,None,None
13-12-2022 08:00,0.47,31.99
13-12-2022 16:00,0.5,24.67
14-12-2022 00:00,0.21,25.66
14-12-2022 08:00,0.31,28.23
14-12-2022 16:00,1.41,20.52
15-12-2022 00:00,0.3,22.79
15-12-2022 08:00,0.29,30.02
15-12-2022 16:00,0.33,30.68