Date,PM2.5,PM10,SO2,NOx,CO,NH3
01-01-2020,None,None,None,None,None,None
02-01-2020,43.67,134,3.41,16.21,0.91,10.98
03-01-2020,30.58,74.42,3.27,10.04,0.96,12.1
04-01-2020,66.35,155.68,3.25,94.71,2.54,11.75
05-01-2020,48,99.13,2.95,11.4,1.14,9.79
06-01-2020,23.75,63.34,2.81,12.32,1.08,7.4
07-01-2020,24.67,72,2.97,12.44,0.98,7.66
08-01-2020,34.18,79.06,2.99,11.11,0.99,9.35
09-01-2020,41.61,98,2.98,15.15,1.11,11.21
10-01-2020,38.95,97.7,3.34,13,0.97,12.8
11-01-2020,34.05,77.56,3.07,14.06,1.01,12.08
12-01-2020,39.12,75.93,2.96,13.05,0.96,16.07
13-01-2020,None,None,None,None,None,None
14-01-2020,None,None,None,None,None,None
15-01-2020,None,None,None,None,None,None
16-01-2020,38,93,3.95,27.15,0.68,11.95
17-01-2020,42.96,112.6,3.2,45.74,1.38,14.73
18-01-2020,26.8,59,3.18,11.78,1.02,11.34
19-01-2020,22.19,56.56,3.19,8.23,0.97,8.4
20-01-2020,34.24,100.22,3.23,18.51,1.1,9.03
21-01-2020,37.5,102.51,3.25,24.24,1.16,9.73
22-01-2020,34.48,86.75,3.22,17.47,1.11,9.86
23-01-2020,46.65,98.18,3.19,14.3,1.09,9.95
24-01-2020,38.05,96.7,2.87,30.04,1.16,8.42
25-01-2020,48.78,112.69,2.86,40.8,1.26,9.77
26-01-2020,51.86,111.57,2.81,43.39,1.29,12.05
27-01-2020,74.23,169.38,2.88,120.65,1.97,15.29
28-01-2020,61.95,162.59,2.89,49.65,1.62,12.5
29-01-2020,59.67,140.87,2.78,30.45,1.39,12.73
30-01-2020,72.46,191.19,2.83,101.68,1.93,13.42
31-01-2020,53.61,133.86,2.91,21.23,1.31,12.63
01-02-2020,57.62,112.99,3.17,9.72,0.99,12.28
02-02-2020,41.16,82,2.82,6.94,0.9,9.53
03-02-2020,36.32,89.84,2.73,18.86,1.06,8.44
04-02-2020,34.42,90.27,2.58,13.4,1.06,8.8
05-02-2020,34.2,82.97,2.66,12.79,1.04,8.91
06-02-2020,45.36,101.46,2.62,21.75,1.28,9.39
07-02-2020,60.29,132.17,2.87,26.5,1.29,10.61
08-02-2020,56.24,133.18,2.66,29.94,1.38,10.11
09-02-2020,42.09,85.5,2.91,9.82,0.96,9.15
10-02-2020,36.13,84.37,2.66,10.71,1.02,8.11
11-02-2020,38,95.19,2.66,17.28,1.09,7.61
12-02-2020,37.86,85.53,2.67,14.92,1.02,7.51
13-02-2020,39.13,100.44,2.75,37.56,1.28,7.81
14-02-2020,52.4,125.07,2.7,53.08,1.87,10.45
15-02-2020,56.35,130.38,2.78,60.38,1.62,10.87
16-02-2020,41.71,91.29,2.83,28.56,1.12,9.35
17-02-2020,44.28,101.74,2.76,43.1,1.43,10.65
18-02-2020,43.68,95.16,2.73,24.99,1.15,10.76
19-02-2020,45.45,99.09,2.61,20.63,1.03,10.61
20-02-2020,48.49,101.79,2.75,21.6,1.02,11.29
21-02-2020,30.5,67.75,2.54,13.28,0.94,10.48
22-02-2020,33.7,79.15,2.55,11.98,0.96,11.04
23-02-2020,37.16,86.35,2.6,8.02,1,10.23
24-02-2020,38.52,94,2.55,9.41,1.08,9
25-02-2020,42.18,108.38,2.62,17.73,1.1,9.96
26-02-2020,35.6,94.6,2.56,11.99,1.09,9.46
27-02-2020,38.76,102.95,2.58,22.42,1.24,9.43
28-02-2020,39.33,94.53,2.56,18.4,1.2,9.72
29-02-2020,37.66,96.49,2.58,17.49,1.16,9.38
01-03-2020,43.51,96.91,2.69,9.99,1.08,9.34
02-03-2020,63.49,137.43,2.67,28.76,1.48,10.04
03-03-2020,76.92,178.58,2.69,49.16,1.88,11.46
04-03-2020,64.23,150.84,2.74,64.89,1.97,11.33
05-03-2020,52.51,130.1,2.77,24.71,1.42,11.65
06-03-2020,26.76,98.67,2.54,27.17,1.35,10.08
07-03-2020,37.77,105.82,2.65,19.34,1.26,13.25
08-03-2020,26.61,79.84,2.58,8.94,1.1,13.01
09-03-2020,29.23,91.33,2.55,20.14,1.17,11.76
10-03-2020,30.92,91.06,2.69,12.22,1.11,11.01
11-03-2020,30.5,98.56,2.72,18.42,1.22,9.72
12-03-2020,30.24,92.55,2.63,25.26,1.21,9.04
13-03-2020,28.75,90.92,2.67,21,1.1,9.52
14-03-2020,27.26,79.28,2.56,13.19,1.03,8.82
15-03-2020,25.74,76.92,2.63,10.73,1,10.36
16-03-2020,20.83,68.97,2.62,6.88,0.91,8.43
17-03-2020,22.98,70.57,2.58,6.91,0.92,7.7
18-03-2020,30.67,63.14,2.6,7.86,0.96,8.47
19-03-2020,40.36,91,2.76,22.17,1.21,9.96
20-03-2020,37.92,80.32,2.62,18.32,1.21,11.24
21-03-2020,39.7,88.94,2.44,36.41,1.47,9
22-03-2020,23.03,48.83,2.57,6.3,0.91,11.25
23-03-2020,43.45,76.1,2.67,17.68,1.28,13.62
24-03-2020,42.63,72.37,2.76,8.66,0.94,11.87
25-03-2020,16.76,41.84,2.56,3.11,0.82,9.26
26-03-2020,19.87,48.93,2.62,2.64,0.88,8.79
27-03-2020,17.29,41.42,2.59,2.76,0.85,8.28
28-03-2020,17.14,43.27,2.68,3.85,0.83,7.55
29-03-2020,20.69,41.91,2.72,6.32,0.89,8.03
30-03-2020,13.92,36.92,2.76,3.47,0.82,7.93
31-03-2020,20.17,44.94,2.73,4.41,0.86,8.57
01-04-2020,21.38,50.72,2.75,3.64,0.87,8.15
02-04-2020,28.42,55.3,2.1,3.25,0.59,8.99
03-04-2020,31.85,58.45,1.33,3.35,0.31,8.71
04-04-2020,28.5,58.17,1.31,3.11,0.31,8.26
05-04-2020,28.25,54.16,1.29,3.11,0.31,7.95
06-04-2020,18.99,43.53,1.16,4.61,0.35,6.75
07-04-2020,9.07,23.4,1.04,7.21,0.36,22.9
08-04-2020,16.68,33.77,1.23,6.4,0.46,13.86
09-04-2020,17.11,39.69,1.39,5.34,0.59,14.19
10-04-2020,12.52,27.39,1.38,4.37,0.5,12.93
11-04-2020,23.08,42.22,1.29,3.38,0.49,14.32
12-04-2020,19.62,44.51,1.32,4.58,0.52,12
13-04-2020,27.65,58.1,1.43,10.42,0.63,13.26
14-04-2020,32.11,63.15,1.68,10.56,0.57,14.29
15-04-2020,32.29,57.03,1.74,6.85,0.55,14.23
16-04-2020,25.07,51.38,1.54,5.82,0.54,11.81
17-04-2020,27.27,63.39,1.43,4.71,0.59,11.72
18-04-2020,24.33,54.32,1.4,4.19,0.56,10.34
19-04-2020,21.55,49.21,1.36,3.45,0.52,9.15
20-04-2020,18.01,41.17,1.57,3.36,0.48,8.45
21-04-2020,15.28,34.1,1.45,4.55,0.55,6.38
22-04-2020,16.16,39.77,1.43,2.96,0.53,5.6
23-04-2020,16.11,38.22,1.39,3.26,0.62,4.78
24-04-2020,31.75,87.15,1.38,6.54,0.73,4.79
25-04-2020,22.75,56.45,1.36,3.65,0.54,5.14
26-04-2020,15.64,39.47,1.38,2.35,0.47,4.47
27-04-2020,19.34,53.11,1.35,2.84,0.57,3.9
28-04-2020,17.83,49.41,1.39,2.25,0.46,3.97
29-04-2020,13.86,36.93,1.31,4.64,0.58,3.78
30-04-2020,24.14,65.38,1.35,7.24,0.69,3.82
01-05-2020,23.11,56.85,1.33,2.88,0.51,4.35
02-05-2020,19.03,45.74,1.3,3.04,0.54,4.1
03-05-2020,24.54,54.45,1.41,2.8,0.55,4.05
04-05-2020,27.24,73.74,1.44,3.6,0.62,4.02
05-05-2020,30.62,83.16,1.45,3.69,0.61,4.01
06-05-2020,20.98,61.01,1.42,3.28,0.61,3.81
07-05-2020,26.54,68.04,1.42,3.61,0.65,3.75
08-05-2020,19.07,49.82,1.36,4.25,0.62,3.44
09-05-2020,21.59,54.33,1.44,2.83,0.49,3.61
10-05-2020,18.77,49.1,1.48,1.97,0.42,3.42
11-05-2020,15.89,47.97,1.5,2.1,0.42,3.95
12-05-2020,9.99,35.98,1.69,1.71,0.44,3.04
13-05-2020,13.98,42.72,1.92,3.44,0.56,4.59
14-05-2020,23.38,52.76,1.88,4.66,0.56,7.44
15-05-2020,14.67,45.43,2.33,7.49,0.53,5.1
16-05-2020,25.26,68.27,2.08,7.61,0.94,3.87
17-05-2020,19.71,50.94,2.01,4.12,0.76,3.94
18-05-2020,16.44,53.48,1.72,6.17,0.79,4.14
19-05-2020,17.74,85,1.87,7.1,0.72,3.81
20-05-2020,17.58,83.25,1.97,7.48,0.63,3.71
21-05-2020,22.18,81.35,2.14,7.12,0.66,3.55
22-05-2020,17.35,60.91,2.25,6.45,0.64,3.62
23-05-2020,21.48,73.49,1.85,6.49,0.7,3.5
24-05-2020,17.89,50.3,1.25,4.26,0.44,3.63
25-05-2020,23.42,66.36,1.5,8.77,0.78,4.32
26-05-2020,18.46,51.02,1.52,7.55,0.53,4.53
27-05-2020,18.61,48.73,2.39,10.14,0.87,5.8
28-05-2020,17.22,57.13,1.91,9.79,0.72,6.03
29-05-2020,18.29,52.54,2.06,9,0.7,5.89
30-05-2020,15.78,45.74,2.22,9.43,0.65,5.64
31-05-2020,21.26,52.48,2.6,3.99,0.47,5.8
01-06-2020,8.46,32.23,4.8,5.8,0.47,5.03
02-06-2020,6.7,34.03,4.56,6.91,0.43,4.82
03-06-2020,5.89,34.56,4.51,7.25,0.4,4.61
04-06-2020,8.81,46,4.49,9.4,0.58,4.63
05-06-2020,10.89,52.12,4.45,8.45,0.56,4.52
06-06-2020,12.03,52.02,4.43,8.73,0.57,4.71
07-06-2020,13.39,49.89,4.38,8.62,0.53,4.69
08-06-2020,16.08,66.2,4.51,12.53,0.83,4.7
09-06-2020,16.43,71.78,4.42,12.99,0.67,5.41
10-06-2020,12.78,55.82,4.66,11.47,0.7,5.16
11-06-2020,10.39,43.84,4.44,12.16,0.72,5.2
12-06-2020,14.76,58.89,4.09,11.41,0.77,4.6
13-06-2020,10.11,52.24,4.02,9.06,0.56,8.98
14-06-2020,8.15,47.84,4.1,6.55,0.47,11.62
15-06-2020,11.52,51.56,4.2,8.42,0.58,11.63
16-06-2020,12.15,49.06,4.13,6.76,0.5,12
17-06-2020,13,93.53,3.38,9.78,0.59,6.11
18-06-2020,12.99,58.71,2.26,14,0.64,7.51
19-06-2020,14.52,65.06,4.46,14.79,0.67,7.54
20-06-2020,15.16,62.03,4,16.13,0.74,7.47
21-06-2020,10.04,39.96,None,11.14,0.46,7.55
22-06-2020,11.17,53.6,None,16.5,0.82,7.48
23-06-2020,15.18,62.73,None,14.74,0.65,7.55
24-06-2020,15,45.78,5.18,15.79,0.54,8.56
25-06-2020,12.69,37.04,4.3,15.33,0.8,7.7
26-06-2020,10.09,16.57,None,14.82,0.9,7.51
27-06-2020,None,None,None,None,None,None
28-06-2020,None,None,None,None,None,None
29-06-2020,8.36,61.47,None,12.08,0.62,9.55
30-06-2020,13.67,74.33,None,16.47,0.9,10.57
01-07-2020,14.42,60.65,None,13.22,0.4,9.5
02-07-2020,7.93,37.74,None,15.54,0.49,8.64
03-07-2020,7.5,37.75,None,14.86,0.42,7.79
04-07-2020,8.18,46.79,None,13.57,0.44,7.43
05-07-2020,8.56,28.48,None,7.24,0.26,7.28
06-07-2020,15.09,46,None,12.51,0.49,7.68
07-07-2020,11.59,40.14,None,11.97,0.59,8.24
08-07-2020,12.53,37.89,None,13.25,1.22,8.34
09-07-2020,14.03,44.18,None,14.45,0.89,8.14
10-07-2020,16.81,44.56,None,14.13,0.71,8.36
11-07-2020,17.38,50,None,13.87,0.55,8.05
12-07-2020,9.07,19.59,None,7.89,0.33,7.77
13-07-2020,19.2,51.23,None,15.26,0.83,7.71
14-07-2020,17.45,57.08,None,19.3,0.84,7.75
15-07-2020,12.7,23.65,None,8.91,0.53,7.88
16-07-2020,9.35,23.04,None,8.97,0.49,7.83
17-07-2020,9.95,31.8,None,8.6,0.5,7.52
18-07-2020,10.56,39.41,None,8.98,0.5,7.56
19-07-2020,11.59,32.14,None,8.08,0.49,7.51
20-07-2020,12.08,29.65,None,8.27,1.01,7.68
21-07-2020,9.18,31.08,None,8.86,0.36,7.64
22-07-2020,24.02,56.3,None,8.05,0.36,8.18
23-07-2020,18.58,54.61,None,9.68,0.49,8.04
24-07-2020,14.46,48.46,None,11.66,0.49,8.08
25-07-2020,11.83,52.82,None,13.85,0.63,7.91
26-07-2020,12.5,66.82,None,8.19,0.46,8.11
27-07-2020,17.67,58.19,None,14.12,0.37,8.42
28-07-2020,18.03,54.35,None,15.12,0.51,8.74
29-07-2020,14.97,42.35,None,15.28,0.59,8.76
30-07-2020,12.85,49.31,None,14.58,0.47,8.04
31-07-2020,17.19,45.88,None,11.74,0.5,7.27
01-08-2020,16.38,39.76,None,12.75,0.62,7.69
02-08-2020,13.2,32.35,None,9.59,0.52,7.44
03-08-2020,15.69,43.45,None,13.58,0.5,7.34
04-08-2020,18.03,44.74,None,14.72,0.37,7.32
05-08-2020,17.75,50.3,None,13.35,0.41,7.74
06-08-2020,18.29,65.97,None,13.19,0.46,7.83
07-08-2020,19.28,83.77,None,14.68,0.46,7.38
08-08-2020,19.9,73.91,None,14.67,0.38,7.07
09-08-2020,17.5,44.88,None,11.01,0.4,7.13
10-08-2020,20.64,70.7,None,14.92,0.55,7.52
11-08-2020,21.99,78.95,None,14.87,0.81,7.72
12-08-2020,22.22,72.58,None,14.56,0.34,7.3
13-08-2020,24.79,85.48,None,15.41,0.36,7.01
14-08-2020,26.47,71.45,None,15.47,0.45,7.07
15-08-2020,24.12,60.61,None,12.44,0.49,7
16-08-2020,23.14,59.19,None,11.6,0.35,7.06
17-08-2020,22.27,44.96,None,14.44,0.66,7.04
18-08-2020,23.74,61.92,None,15.93,0.69,7.18
19-08-2020,22.46,68.58,None,16.21,0.56,7.43
20-08-2020,23.74,67.32,None,16.98,0.58,7.07
21-08-2020,22.12,57.15,None,14.48,0.55,6.92
22-08-2020,21.43,50.8,None,12.33,0.51,6.85
23-08-2020,17.39,44,None,12.18,0.55,6.91
24-08-2020,26.24,60.15,None,15.68,0.61,7.12
25-08-2020,29.85,79.38,None,23.27,0.73,7.2
26-08-2020,29.06,80.49,None,21.4,0.77,7.52
27-08-2020,32.17,89.08,None,24.92,0.78,7.35
28-08-2020,30.51,88.23,None,21.81,0.73,7.4
29-08-2020,26.19,67.35,None,14.68,0.57,7.36
30-08-2020,21.36,54.96,None,12.65,0.54,7.28
31-08-2020,22.25,59.02,None,17.21,0.69,7.21
01-09-2020,24.73,58.98,None,19.96,0.66,7.4
02-09-2020,25.23,51.02,None,14.19,0.56,7.58
03-09-2020,21.36,37.49,None,11.54,0.4,7.4
04-09-2020,21.08,38.76,None,7.31,0.34,7.09
05-09-2020,37.73,62.48,None,9.07,0.46,7.41
06-09-2020,32.38,52.65,None,7.36,0.41,7.13
07-09-2020,15.19,41.97,None,12.18,0.48,6.52
08-09-2020,17.18,39.66,None,13.77,0.54,6.82
09-09-2020,19.2,42.5,None,12.97,0.51,6.92
10-09-2020,16.06,43.44,None,13.15,0.49,6.97
11-09-2020,18.1,49.59,None,13.48,0.49,7.01
12-09-2020,17.02,37.15,3.5,15.76,0.52,7.31
13-09-2020,16.28,37.98,2.03,18,0.62,7.85
14-09-2020,21.1,60.52,1.44,19.75,0.61,7.56
15-09-2020,23.48,75.83,2.09,18.2,0.67,7.43
16-09-2020,20.64,63.34,2.4,15.87,0.6,7.44
17-09-2020,22.56,65.03,3.14,15.47,0.58,7.42
18-09-2020,14.85,57.93,2.56,17.46,0.65,7.46
19-09-2020,19.96,50.15,2.21,15.03,0.44,7.71
20-09-2020,12.37,23.57,2.19,12.96,0.41,7.66
21-09-2020,17.92,45.41,1.77,14.36,0.5,7.68
22-09-2020,20.64,49.58,1.51,13.86,0.47,7.63
23-09-2020,25.94,83.6,2.42,17.87,0.64,7.49
24-09-2020,26,71.82,1.87,16.64,0.58,7.55
25-09-2020,24.09,60.46,2.27,14.22,0.54,7.38
26-09-2020,26.24,66.9,2.27,22.66,0.68,7.76
27-09-2020,25.16,70.11,2.82,23.08,0.77,7.81
28-09-2020,32.87,67.58,2.4,20.49,0.77,7.94
29-09-2020,29.96,65,2.58,21.05,0.68,8.15
30-09-2020,28.25,67.32,3.15,24.8,0.75,7.8
01-10-2020,31.88,91.64,4.94,30.29,0.94,7.54
02-10-2020,33.69,81.63,4.39,19.12,0.73,7.72
03-10-2020,16.59,51.67,4.55,16.53,0.56,7.58
04-10-2020,9.18,42.2,3.4,16.7,0.59,7.55
05-10-2020,18.04,65.37,3.4,20.12,0.73,7.62
06-10-2020,31.77,96.19,3.6,26.34,0.97,7.89
07-10-2020,32.79,99.6,2.2,23.34,0.86,8.26
08-10-2020,40.27,103.25,3.96,18.18,0.72,8.44
09-10-2020,41.7,85.67,3.52,15,0.69,8.58
10-10-2020,13.16,42.22,2.87,15.78,0.59,8.17
11-10-2020,14.98,36.36,4.34,16.54,0.68,7.99
12-10-2020,21,53.78,4.31,14.6,0.61,7.95
13-10-2020,19.47,58.16,3.24,18.19,0.76,8.38
14-10-2020,15.48,70.67,3.18,13.88,0.56,7.8
15-10-2020,14.83,74.52,3.2,14.1,0.79,7.28
16-10-2020,35.65,125.38,3.13,16.12,1.19,7.4
17-10-2020,40.1,137.05,4.68,20.66,1.36,7.84
18-10-2020,32.88,99.44,6.84,16.87,0.61,7.69
19-10-2020,35.95,103.63,6.28,18.68,1.21,7.91
20-10-2020,26.3,86.23,5.5,17.26,0.68,10.17
21-10-2020,14.25,38.61,6.14,22.18,0.98,11.37
22-10-2020,18.03,44.65,6.15,21.53,0.99,9.65
23-10-2020,14.05,39.14,6.26,20,0.88,9.17
24-10-2020,26.71,80.44,6.42,26.43,1.39,8.71
25-10-2020,26.96,76.23,5.59,21.84,1,8.53
26-10-2020,43.51,93.36,5.04,25.79,1.31,9.45
27-10-2020,54.29,107.32,6.14,25.17,1.04,10.51
28-10-2020,51.16,105.03,6.4,26.15,1.02,10.31
29-10-2020,44.95,97.55,6.26,25.34,0.87,10.64
30-10-2020,46.19,102.62,6.21,27.46,1.05,10.53
31-10-2020,65.86,142.82,10.35,30.52,1.1,12.96
01-11-2020,58.71,105.57,5.83,21.69,0.87,12.33
02-11-2020,67.81,135.3,7.08,22.75,1.02,13
03-11-2020,50.01,91.12,6.22,18.53,0.76,11.23
04-11-2020,41.06,76.38,5.61,18.34,0.77,10.59
05-11-2020,24.38,54.34,6.28,16.13,0.72,9.03
06-11-2020,11.39,24.68,5.99,13.29,0.44,8.2
07-11-2020,12.39,31.66,6.63,16.07,0.68,9.42
08-11-2020,30.17,58.65,2.94,17.74,0.51,15.59
09-11-2020,56.59,96.25,3.52,26.49,0.89,17.92
10-11-2020,46.93,96.33,5.3,27.74,1.32,15.22
11-11-2020,35.29,74.23,3.93,26.45,1,16.39
12-11-2020,15.58,50.07,3.54,20.26,0.66,16.54
13-11-2020,6.76,21.67,3.6,13.74,0.73,14.62
14-11-2020,20.69,47.9,4.95,14.79,0.55,13.29
15-11-2020,19.55,38.36,6.49,14.61,0.53,14.1
16-11-2020,10.77,21.03,3.82,12.33,0.45,11.73
17-11-2020,13.85,30.24,3.76,13.42,0.46,10.77
18-11-2020,15.28,33.92,3.55,14.2,0.43,9.98
19-11-2020,23.66,50.82,3.25,16.03,0.51,10.51
20-11-2020,24.92,53.59,3.42,19.01,0.52,9.82
21-11-2020,29.37,63.04,4.88,25.5,0.91,9.9
22-11-2020,43.09,87.89,6.48,33.01,1.34,13.94
23-11-2020,35.17,70.38,4.87,21.1,0.87,14.79
24-11-2020,41.64,74.01,5.4,21.26,0.88,15.32
25-11-2020,42.72,73.62,4.98,22.74,0.83,16.07
26-11-2020,23,36.73,5.17,32.06,1.24,14.31
27-11-2020,18.76,40.47,3.87,28.71,1.14,13.26
28-11-2020,20.43,40.9,3.4,19.5,0.55,12.97
29-11-2020,18.38,33.98,3.92,16.83,0.47,12.36
30-11-2020,20.34,40.38,3.76,16.9,0.54,12.52
01-12-2020,29.2,58.14,3.78,21.39,0.72,12.3
02-12-2020,31.79,61.97,4.24,22.53,0.75,14.01
03-12-2020,29.94,51.55,3.79,23.16,0.75,14.6
04-12-2020,14.08,44.05,3.25,21.03,0.79,12.63
05-12-2020,19.75,45.92,2.78,17.6,0.69,13.28
06-12-2020,19.75,45.9,3.59,16.84,0.58,14.65
07-12-2020,13.55,33.73,3.03,13.8,0.5,15.42
08-12-2020,11.23,21.12,1.86,12.15,0.39,14.52
09-12-2020,19.37,31.63,1.82,15.98,0.53,10.99
10-12-2020,24.91,42.32,2.73,15.34,0.34,10.47
11-12-2020,38.59,66.17,3.21,20.4,0.54,12.81
12-12-2020,48.83,79.21,3.61,20.19,0.61,16.36
13-12-2020,49.76,74.97,3.47,17.26,0.47,17.53
14-12-2020,54.81,89.35,3.46,22.64,0.81,16.57
15-12-2020,44.48,75.45,3.17,20.9,0.63,16.23
16-12-2020,44.19,72.7,3.46,18.41,0.51,16.68
17-12-2020,38.09,63.81,3.15,17.74,0.62,16.76
18-12-2020,44.33,72.71,3.51,18.76,0.46,16.72
19-12-2020,56.05,81.66,3.32,20.45,0.52,19.32
20-12-2020,68.16,98.14,3.15,20.64,1.05,20.58
21-12-2020,59.96,89.84,2.87,18.04,0.57,19.31
22-12-2020,58.32,89.92,3.54,19.47,0.61,20.01
23-12-2020,54.35,84.14,3.42,19.52,0.52,19.41
24-12-2020,55.25,86.8,3.69,20.28,0.56,17.98
25-12-2020,57.58,93.91,3.83,23.48,0.71,16.95
26-12-2020,57.14,91.19,3.25,25.81,0.77,17.69
27-12-2020,66.83,107.95,3.58,27.87,1,19.48
28-12-2020,76.72,119.62,3.68,24.34,0.76,20.83
29-12-2020,64.16,97.69,3.9,22.19,0.64,21.23
30-12-2020,53.34,80.02,4.05,18.52,0.54,18.51
31-12-2020,39.44,59.21,3.27,20.48,0.58,16.14
01-01-2021,56.84,83.91,3.94,19.06,0.45,16.7
02-01-2021,56.01,82.36,3.71,20.06,0.54,17.45
03-01-2021,36.96,54.83,4.21,15.69,0.4,14.95
04-01-2021,31.2,51.41,3.86,17.15,0.54,13.29
05-01-2021,25.62,45.18,3.84,17.07,0.49,12.94
06-01-2021,11.98,20.75,2.49,16.82,0.41,12.75
07-01-2021,15,29.25,1.94,19.46,0.64,11.56
08-01-2021,21.43,32.88,1.67,19.18,0.46,11.96
09-01-2021,24.62,42.1,1.98,21.54,0.83,12.03
10-01-2021,26.51,43.89,2.02,19.17,0.52,11.92
11-01-2021,35.65,66.97,1.92,19.75,0.58,13.25
12-01-2021,34.2,70.73,1.97,17.23,0.51,14.05
13-01-2021,39.52,66.94,1.96,16.71,0.6,14.41
14-01-2021,44.37,66.98,2.17,13.74,0.67,15
15-01-2021,45.53,65.39,2.52,11.38,0.35,14.85
16-01-2021,51.49,77.03,2.39,11.5,0.25,14.64
17-01-2021,44.9,66.63,2.29,12.18,0.29,14.11
18-01-2021,37.44,66.09,2.66,14.35,0.45,14.42
19-01-2021,42.99,75.52,2,18.5,0.54,17.12
20-01-2021,54.91,98.14,2.25,23.15,0.69,14.89
21-01-2021,47.86,92.88,2.56,22.16,0.69,11.78
22-01-2021,42.94,72.29,3,17.36,0.46,12.2
23-01-2021,55.44,89.51,3.62,17.87,0.45,13.54
24-01-2021,50.03,95.19,3.43,29.64,0.97,12.92
25-01-2021,46.05,79.15,3.47,17.48,0.49,14.98
26-01-2021,43.58,77.1,3.29,19.82,0.48,16.56
27-01-2021,52.7,84.71,2.78,20.27,0.54,17.97
28-01-2021,60,93.15,3.29,19.03,0.47,19.29
29-01-2021,65.93,104.9,3.65,17.52,0.53,19.15
30-01-2021,60.59,100.89,2.73,21.57,0.65,16.24
31-01-2021,58.7,95.75,2.34,17.86,0.57,16.05
01-02-2021,42.06,76.35,3.2,19.82,0.61,14.01
02-02-2021,51.17,94.46,2.6,18.6,0.66,16.06
03-02-2021,55.19,104.93,3.05,18.24,0.58,15.5
04-02-2021,45.37,101.61,3.45,22.42,0.51,14.09
05-02-2021,39.18,102.12,3.12,28.21,0.77,15.6
06-02-2021,37.67,85.52,3.55,24.65,0.83,16.1
07-02-2021,45,75,3.4,25.78,0.57,13.49
08-02-2021,39.5,69.14,4.08,24.74,0.88,17.53
09-02-2021,45.86,110.08,3.04,29.55,0.76,18.72
10-02-2021,None,None,None,None,None,None
11-02-2021,40.24,187.12,5.46,27.74,0.57,21.33
12-02-2021,40.79,141.08,5.45,24.07,0.53,21.46
13-02-2021,40.22,107.43,4.74,24.68,0.83,21.29
14-02-2021,43.58,107.75,4.66,32.86,1.05,23.36
15-02-2021,45.09,107.97,5.09,42.49,0.88,21.92
16-02-2021,50.15,128.1,6.15,43.5,1.02,20.94
17-02-2021,41.59,104.33,5.16,36.22,0.91,21.75
18-02-2021,44.62,88.28,5.04,26.85,0.38,22.16
19-02-2021,46.69,86.13,4.61,27.53,0.51,20.97
20-02-2021,26.49,44.86,3.42,26.13,0.46,19.36
21-02-2021,12.2,28.54,3.64,23.14,0.47,17.08
22-02-2021,12.72,35.02,3.06,20.45,0.4,15.84
23-02-2021,23.32,69.82,4.75,27.24,0.61,16.68
24-02-2021,41.18,79.79,5.14,22.73,0.52,21.5
25-02-2021,None,None,None,None,None,None
26-02-2021,None,None,None,None,None,None
27-02-2021,28.8,96.5,10.39,None,2.59,None
28-02-2021,45.82,131.43,7.77,19.91,0.64,16.52
01-03-2021,41.22,131.4,7,43.55,1.05,17.56
02-03-2021,44.29,113.98,6.07,30.34,0.62,18.73
03-03-2021,49.18,140.34,6.31,36.4,0.75,17.95
04-03-2021,41.03,102.36,7.36,31.59,0.69,17.36
05-03-2021,27.39,74.02,6.23,26.71,0.58,17.61
06-03-2021,34.25,93.24,6.21,36.41,0.85,19.2
07-03-2021,36.92,87.27,4.03,29.85,0.69,17.57
08-03-2021,23.68,54.79,3.74,22.75,0.5,16.66
09-03-2021,15,46.26,3.48,14.41,0.31,13.19
10-03-2021,14.23,41.2,3.39,16.94,0.37,15.34
11-03-2021,27.67,62.27,4.35,14.22,0.71,15.1
12-03-2021,25.92,58.51,4.72,17.3,0.38,13.75
13-03-2021,26.42,65.88,3.73,24.99,0.58,13.57
14-03-2021,24.54,54.14,3.8,16.92,0.53,14.08
15-03-2021,29.64,73.62,4.31,27.95,0.71,14.76
16-03-2021,33.81,75.34,3.55,23.96,0.65,15.09
17-03-2021,38.61,80,3.41,24.03,0.65,15.6
18-03-2021,45.03,92.22,4.2,22.27,0.58,15.51
19-03-2021,48.7,102.03,3.49,26.77,0.69,16.49
20-03-2021,44.2,87.79,4.08,24.02,0.63,16.81
21-03-2021,42.45,87.53,3.77,29.41,0.6,17.24
22-03-2021,32.76,89.49,4.12,24.37,0.51,15.67
23-03-2021,32.69,79.39,3.49,18.25,0.51,17.3
24-03-2021,32.19,78.76,3.91,19.5,0.45,14.59
25-03-2021,30.54,77.08,4,22.88,0.51,13.85
26-03-2021,49.43,110.13,3.99,25.7,0.75,15.14
27-03-2021,52,104.44,4.45,23.38,0.71,16.42
28-03-2021,60.61,113.75,3.63,28.21,0.82,16.56
29-03-2021,55.22,108.07,4.05,27.67,0.92,15.63
30-03-2021,58.11,137.23,3.51,51.9,1.33,15.35
31-03-2021,66.4,152.81,3.89,65.36,1.61,15.26
01-04-2021,47.56,123.09,3.89,56.94,1.24,14.54
02-04-2021,38.82,109.44,3.17,57.07,1.24,13.76
03-04-2021,40.31,115.42,3.11,42.76,0.86,14.13
04-04-2021,47.15,137,3.37,54.25,2.4,13.5
05-04-2021,44.92,124.13,3.15,30.96,1.04,13.66
06-04-2021,51.54,109.56,3.24,16.05,1.36,15.09
07-04-2021,49.99,117.83,3.33,29.15,0.58,13.7
08-04-2021,48.33,118.61,3.96,28.24,0.76,14.31
09-04-2021,42.89,100.65,4.62,21.96,0.55,13.8
10-04-2021,44.87,112.51,4.58,18.9,0.65,14.26
11-04-2021,29.43,66.09,4.67,15.74,0.37,13.87
12-04-2021,18.75,51.48,4.5,15.08,0.47,11.93
13-04-2021,23.84,51.52,4.66,13.86,0.28,12.21
14-04-2021,21.23,71.54,4.61,19.29,0.34,11.68
15-04-2021,14.5,52.15,4.58,26.04,0.87,12.91
16-04-2021,23.97,59.58,5.38,31.33,0.59,14.8
17-04-2021,27.78,69.84,5.95,30.79,0.72,16.98
18-04-2021,33.97,78.66,6.09,20.9,0.84,18.43
19-04-2021,35.02,83.11,5.89,38.35,1.15,17.93
20-04-2021,36.65,101.24,5.58,42.6,1.4,19.94
21-04-2021,42.74,91.42,5.81,36.43,1.03,19.31
22-04-2021,31,69,6.8,20.17,None,17.7
23-04-2021,None,None,None,None,None,None
24-04-2021,None,None,None,None,None,None
25-04-2021,None,None,None,None,None,None
26-04-2021,None,None,None,None,None,None
27-04-2021,None,None,None,None,None,None
28-04-2021,None,None,None,None,None,None
29-04-2021,43.11,120.93,3.43,21.46,0.68,24.09
30-04-2021,33.55,75.59,2.97,18.48,0.51,24.32
01-05-2021,40.76,113.08,3,15.08,0.57,21.66
02-05-2021,26.49,53.48,3.29,4.55,0.43,4.1
03-05-2021,11.45,31.76,3.27,10.37,0.43,10.24
04-05-2021,19.72,47.4,2.94,10.57,0.68,15.09
05-05-2021,26.28,55.06,3.3,11.04,0.48,12.81
06-05-2021,18.41,45.76,3.2,10.6,0.43,10.86
07-05-2021,10.59,29.66,3.25,10.85,0.34,7.23
08-05-2021,11.91,33.46,2.92,10.86,0.35,7.14
09-05-2021,14.68,35.08,3.28,11.13,0.26,7.24
10-05-2021,15.44,36.97,3.19,10.61,0.5,17.06
11-05-2021,18.82,44.78,3,10.55,0.66,13.57
12-05-2021,17.16,39.24,2.99,9.84,0.67,16.92
13-05-2021,11.14,28.26,2.96,10.35,1.07,15.01
14-05-2021,None,None,None,None,None,None
15-05-2021,None,None,None,None,None,None
16-05-2021,None,None,None,None,None,None
17-05-2021,None,None,None,None,None,None
18-05-2021,None,None,None,None,None,None
19-05-2021,None,None,None,None,None,None
20-05-2021,9.76,37.07,2.99,7.25,0.41,13.24
21-05-2021,13.66,39.09,2.9,6,0.58,19.21
22-05-2021,15.39,39.7,2.93,14.29,0.54,4.79
23-05-2021,14.66,42.88,2.86,13.93,0.54,2.24
24-05-2021,18.86,72.88,2.62,13.22,0.54,2.9
25-05-2021,13.89,46.7,2.96,16.78,0.5,2.67
26-05-2021,16.15,54.42,3,15.52,0.47,3.63
27-05-2021,17.94,82.16,2.71,14.42,0.49,4.11
28-05-2021,16.18,67.56,2.81,14.9,0.44,3.61
29-05-2021,9.8,39.57,2.79,15.47,0.44,3.16
30-05-2021,6.66,26.08,2.99,17.45,0.4,1.68
31-05-2021,8.87,37.96,2.83,15.61,0.47,2.76
01-06-2021,6.35,27.77,2.89,15.98,0.38,2.43
02-06-2021,7.43,26.54,2.7,16.23,0.4,2.53
03-06-2021,8.75,26.32,2.84,16.48,0.58,3.18
04-06-2021,9.11,22.15,2.6,15.46,0.56,4.25
05-06-2021,5.2,19.79,2.71,16.26,0.44,5.39
06-06-2021,4.57,22.07,2.68,17.74,0.27,1.99
07-06-2021,13.97,39.85,2.63,14.38,0.54,4.68
08-06-2021,15.14,55.81,2.77,23.14,0.49,2.51
09-06-2021,10.08,50.85,2.64,19.33,0.48,3.08
10-06-2021,8.75,46.34,2.79,20.42,1.09,3.19
11-06-2021,8.95,54.66,2.81,19.71,0.25,3.18
12-06-2021,5.77,41.63,2.49,19.26,0.25,3.09
13-06-2021,4.77,29.9,2.79,18.03,0.17,3.12
14-06-2021,6.44,41.65,2.82,19.88,0.47,3.1
15-06-2021,11.3,46.22,2.87,20.01,0.44,3.13
16-06-2021,16.09,66.21,2.59,20.17,0.43,3.12
17-06-2021,16.97,70.56,2.85,19.95,0.49,2.93
18-06-2021,32.56,78.18,2.82,19.99,0.49,2.85
19-06-2021,21.53,111.73,3.02,19.67,0.43,3.18
20-06-2021,20.61,87.38,2.76,18.93,0.31,3.32
21-06-2021,20.28,88.2,2.85,22.8,0.75,7.53
22-06-2021,38.37,157.81,2.83,27.4,1.09,10.56
23-06-2021,27.6,113.83,2.92,25.28,0.89,10.61
24-06-2021,26.38,107.23,2.84,24.43,0.77,10.48
25-06-2021,30.83,138.41,2.8,24.61,0.61,10.56
26-06-2021,16.06,72.3,2.66,22.62,0.68,10.44
27-06-2021,12.22,48.3,2.67,21.2,0.56,10.46
28-06-2021,25.75,99.55,2.94,28.93,0.93,10.78
29-06-2021,18.67,60.61,2.81,21.65,0.23,10.44
30-06-2021,20.27,69.41,2.94,25.05,0.43,10.46
01-07-2021,16.6,59.55,2.64,22.85,0.34,10.36
02-07-2021,9.97,50.74,2.65,23.02,0.39,10.11
03-07-2021,14.06,51.83,2.68,21.83,0.37,10.14
04-07-2021,8.86,33.07,2.94,21.09,0.3,10.08
05-07-2021,11.22,39.62,2.94,26.71,0.68,10.47
06-07-2021,19.49,58.78,2.65,26.59,0.52,10.54
07-07-2021,16.7,58.98,2.85,25.11,0.41,10.52
08-07-2021,15.81,60.1,2.92,26.61,0.54,10.56
09-07-2021,11.89,47.11,2.87,24.84,0.42,10.54
10-07-2021,8.79,42.95,2.52,23.9,0.44,10.42
11-07-2021,8.93,47.85,2.71,22.67,0.43,10.31
12-07-2021,12.33,54.13,2.75,23.55,0.39,10.51
13-07-2021,11.7,52.92,5.07,24.46,0.72,10.67
14-07-2021,10.21,31.15,8.64,24.08,0.49,10.85
15-07-2021,7.83,23.26,8.51,13.45,0.37,17.96
16-07-2021,11.4,50.78,8.64,11.58,0.56,22.22
17-07-2021,15.44,65.39,8.32,11.53,0.69,19.81
18-07-2021,6.2,27.31,5.81,8.91,0.52,11.06
19-07-2021,12.02,57.22,5.77,9.83,0.77,13
20-07-2021,13.62,138.06,5.59,8.24,0.52,12.48
21-07-2021,10.52,74.6,5.61,8.99,0.63,11.66
22-07-2021,10.77,49.56,5.57,10.24,0.58,11.85
23-07-2021,11.35,72.38,5.82,13.25,0.37,11.71
24-07-2021,15.23,90.35,5.69,13.65,0.72,15.6
25-07-2021,10.22,69.49,6.66,22.19,0.33,9.83
26-07-2021,13.32,86.38,8.57,18.47,0.6,12.35
27-07-2021,14.34,117.58,8.71,7.88,0.63,12.74
28-07-2021,14.14,111.27,8.24,6.55,0.5,13.11
29-07-2021,15.15,124.87,4.4,11.62,0.54,15.44
30-07-2021,15.72,118.42,4.53,15.54,0.62,16.18
31-07-2021,16.75,112.22,4.35,18.09,0.72,15.82
01-08-2021,13.52,99.32,4.27,31.49,0.63,5.74
02-08-2021,15.55,86.95,5.14,25.47,0.8,4.96
03-08-2021,14.02,84.45,5.4,23.35,0.89,13.25
04-08-2021,9.22,58.63,6.45,21.46,0.87,19.63
05-08-2021,12.29,51.08,6.83,25.41,1.07,16.93
06-08-2021,12.83,84.74,7.72,21.69,0.28,17.08
07-08-2021,15.19,73.18,5.13,25.78,1.03,4.23
08-08-2021,11.11,69.1,4.53,19.88,0.61,5.76
09-08-2021,13.1,66.76,4.36,22.55,0.82,4.67
10-08-2021,16,83.86,4.34,22.9,1.02,7.19
11-08-2021,19.1,95.95,3.83,28.15,0.97,3.74
12-08-2021,14.26,67.14,4.54,25.25,1,4.43
13-08-2021,19.72,86.09,4.61,28.21,1.21,4.08
14-08-2021,16.03,81.27,4.45,24.18,0.78,5.32
15-08-2021,13.85,65.6,4.46,22.64,0.67,6.21
16-08-2021,16.63,60.81,4.54,25.06,0.91,6.53
17-08-2021,20.64,78.08,4.49,24.38,0.84,6.85
18-08-2021,13.57,59.93,4.47,23.04,0.79,7.23
19-08-2021,9.79,60.37,4.38,23.62,0.77,7.12
20-08-2021,None,None,None,None,None,None
21-08-2021,19.39,72.79,4.69,24.79,1.03,6.25
22-08-2021,14.56,38.3,4.44,23.98,0.79,6.81
23-08-2021,14.09,51.02,4.45,22.13,0.83,8.96
24-08-2021,26.87,67.46,4.33,17.13,1.04,4.83
25-08-2021,19.56,54.86,4.59,16.06,0.91,4.71
26-08-2021,8.67,59.29,4.59,17.27,0.82,5.97
27-08-2021,11.39,114.39,4.52,16.54,0.84,11.45
28-08-2021,6.92,45.13,4.61,15.74,0.88,14.6
29-08-2021,8.34,38.07,4.63,16.64,0.76,12.25
30-08-2021,12.71,57.13,4.52,17.63,1.05,10.91
31-08-2021,18.3,93.18,4.71,17.12,0.94,10.89
01-09-2021,16.63,84,4.55,17.61,0.83,10.93
02-09-2021,12.04,57,4.38,15.13,0.72,11.2
03-09-2021,18,92.45,4.69,22.26,1.3,10.92
04-09-2021,14.88,72.17,4.64,23.31,1.44,10.67
05-09-2021,10.34,49.86,4.61,15.25,0.7,10.7
06-09-2021,9.43,48.06,4.58,17.91,0.99,10.57
07-09-2021,8.93,53.76,4.67,15.31,0.64,10.39
08-09-2021,10.43,59.21,4.49,15.79,0.7,10.3
09-09-2021,17.13,110,4.45,18.57,0.87,10.39
10-09-2021,13.08,84.8,4.47,15.38,0.63,10.36
11-09-2021,11.25,68.71,4.44,14.99,0.66,10.27
12-09-2021,7.44,53.61,4.41,13.42,0.57,10.32
13-09-2021,10.03,61.69,4.43,14.9,0.78,10.23
14-09-2021,12.93,66.96,4.36,14.99,0.89,10.34
15-09-2021,15.25,76.38,4.48,17,0.71,10.35
16-09-2021,18.47,92.51,4.49,18.47,0.96,10.47
17-09-2021,24.73,104.32,4.58,21.27,1.29,10.73
18-09-2021,21.11,97.55,4.48,20.54,0.96,10.77
19-09-2021,21.28,82.22,4.43,16.94,0.67,10.97
20-09-2021,23.4,50.97,4.48,17.33,1.01,11.59
21-09-2021,14.58,47.17,4.41,12.64,1.29,24.54
22-09-2021,13.4,80.22,4.47,10.88,1.03,22.97
23-09-2021,16.9,90.58,4.55,14.35,1.26,26.16
24-09-2021,25.2,121.67,4.64,23.43,1.35,28.65
25-09-2021,14.96,71.33,4.43,18.94,0.82,22.6
26-09-2021,13,58.35,4.3,18.06,1.06,23.24
27-09-2021,11.11,64.37,4.37,20.13,0.93,20
28-09-2021,14.02,71.9,4.51,21.44,1,19.39
29-09-2021,16.98,96.53,4.66,18.48,1.08,22.84
30-09-2021,19.42,93.41,4.52,22.05,1.51,25.23
01-10-2021,12.75,50.89,4.55,31.17,0.55,11.95
02-10-2021,13.5,45.5,4.51,16.31,0.41,12.45
03-10-2021,9.63,22.68,4.49,15.65,0.51,11.44
04-10-2021,8.08,29.54,4.36,14.14,0.38,10.31
05-10-2021,15.67,58.24,4.38,11.58,0.7,16.13
06-10-2021,13.82,37.52,4.45,16.28,0.9,16.68
07-10-2021,12.59,56.69,4.34,20.16,0.94,13.78
08-10-2021,13.74,54.71,4.36,13.67,1.02,19.08
09-10-2021,16.22,64.43,4.33,11.09,1.6,29.33
10-10-2021,13,56.51,4.37,12.45,0.52,20.62
11-10-2021,16.6,46.35,4.33,15.96,0.96,21.7
12-10-2021,11.7,37.54,4.38,13.61,1,22.59
13-10-2021,10.53,48.03,4.41,13.61,1.12,23.54
14-10-2021,16.4,75.55,4.34,13.73,1.17,24.55
15-10-2021,23.1,58.73,4.23,31.08,0.66,13.9
16-10-2021,31.67,59.13,4.47,20.57,1.13,19.1
17-10-2021,24.54,67.92,4.34,14.43,1.19,21.22
18-10-2021,27.16,71.75,4.36,16.27,0.93,18.92
19-10-2021,33.63,117.18,4.37,13.47,1.33,25.11
20-10-2021,46.26,157.47,4.4,23.13,1.12,24.79
21-10-2021,29.87,81.1,4.24,24.06,0.61,14.21
22-10-2021,26.42,55.54,4.23,22.55,1.04,12.15
23-10-2021,25.25,58.36,4.23,18.14,0.57,15.39
24-10-2021,11.87,40.94,4.32,13.97,0.66,19.57
25-10-2021,29.74,71.64,4.29,17.17,0.59,19.55
26-10-2021,38.71,84.63,4.28,30.55,0.83,15.49
27-10-2021,51.17,115.27,4.35,20.22,0.74,14.07
28-10-2021,64.78,146.87,4.42,26.67,1.28,13.6
29-10-2021,None,None,None,None,None,None
30-10-2021,None,None,None,None,None,None
31-10-2021,None,None,None,None,None,None
01-11-2021,None,None,None,None,None,None
02-11-2021,19.56,42.81,4.81,15,0.5,18.1
03-11-2021,22.81,44.98,5.37,16.01,0.4,15.43
04-11-2021,39.76,64.65,6.38,16.01,0.49,16.06
05-11-2021,36.73,56.62,6.56,14.57,0.64,20.53
06-11-2021,27.94,61.56,5.79,14.4,0.74,20.68
07-11-2021,36.55,67,6.4,16.02,0.71,15.79
08-11-2021,46.07,73.47,17.46,18.49,0.72,10.13
09-11-2021,None,None,None,None,None,None
10-11-2021,45.39,110.48,5.83,9.56,1.2,20.87
11-11-2021,41.34,61.81,5.85,11.66,1.16,21.82
12-11-2021,23.9,38.14,5.87,15.29,1.49,24.68
13-11-2021,13.56,24.97,5.85,29.92,0.63,6.82
14-11-2021,14.88,43.86,5.69,17.09,0.98,6.61
15-11-2021,16.95,49.32,5.72,15.96,0.9,7.37
16-11-2021,16.09,49.88,5.83,18.81,1.48,1.87
17-11-2021,10.66,28.26,5.69,17.98,0.63,2.88
18-11-2021,12.61,27.28,5.73,9.52,1.25,11.37
19-11-2021,15.58,29.91,5.78,10.21,1.49,11.43
20-11-2021,13.6,43.62,5.8,14.07,1.11,8.74
21-11-2021,30.46,83.12,5.85,14.48,1.04,7.2
22-11-2021,11.64,47.56,5.7,17.07,0.82,4.87
23-11-2021,7.36,39.44,5.76,17.14,0.41,5.05
24-11-2021,9.66,41.6,5.71,17.15,0.52,4.87
25-11-2021,14.64,57.03,5.77,16.42,0.47,5.52
26-11-2021,25.05,71.76,5.8,16.3,0.67,5.69
27-11-2021,34.49,73.79,5.89,17.09,0.58,5.12
28-11-2021,None,None,None,None,None,None
29-11-2021,None,None,None,None,None,None
30-11-2021,13.83,33.67,6.03,16.44,0.47,4.61
01-12-2021,18.42,50.92,5.75,14.87,0.38,4.88
02-12-2021,35.95,81.02,5.91,9.18,0.55,7.28
03-12-2021,40.53,100.94,5.86,10.48,1.06,21.28
04-12-2021,45.76,122.38,5.96,12.07,1.19,26.13
05-12-2021,32.31,89.45,6,10.17,0.85,23.38
06-12-2021,60.31,142.61,6.08,10.13,1.15,28.59
07-12-2021,48.82,111.07,5.98,13.71,0.93,20.13
08-12-2021,24.27,73.63,6.02,18.57,0.72,20.89
09-12-2021,16.36,52.87,5.82,16.48,0.54,21.37
10-12-2021,13.3,49.78,5.87,16.3,0.57,21.63
11-12-2021,10.13,42.32,5.85,14.74,0.69,24.08
12-12-2021,7.68,31.71,5.86,16.56,0.52,23.54
13-12-2021,13.87,41.9,5.89,16.02,0.45,23.81
14-12-2021,17.41,46.04,5.68,16.77,0.52,23.39
15-12-2021,39.96,89.96,5.3,16.61,0.7,24.76
16-12-2021,52.7,115.13,5.69,15.64,0.65,27.14
17-12-2021,59.82,129.07,5.52,16.23,0.7,28.57
18-12-2021,72.96,154.98,5.87,13.68,0.69,31.06
19-12-2021,52.86,111.41,5.77,17.11,0.44,26.37
20-12-2021,49.86,105.9,5.77,16.88,0.5,26.02
21-12-2021,76.02,191.38,5.89,18.03,1.03,46.85
22-12-2021,70.49,184.15,5.61,15.7,0.78,41.65
23-12-2021,71.98,176.73,5.89,19.54,0.81,23.26
24-12-2021,62.45,153.05,5.86,26.82,0.47,13.24
25-12-2021,50.79,137.53,5.78,34.13,0.68,16
26-12-2021,46.13,100.66,5.59,27.2,0.51,16.56
27-12-2021,46.16,89.41,5.86,17.75,0.36,14.86
28-12-2021,35.39,74,5.75,16.9,0.39,11.96
29-12-2021,28.7,67.28,5.62,17.53,0.41,10.67
30-12-2021,24.9,67.62,5.72,18.14,0.38,9.82
31-12-2021,15.39,48.88,5.8,17.75,0.47,10.36
01-01-2022,13.9,37.4,5.52,16.44,0.41,10.23
02-01-2022,14.2,32.03,5.56,14.03,0.28,10
03-01-2022,28.2,68.09,5.65,20.97,0.4,11.09
04-01-2022,41.85,84.31,5.64,20.12,0.41,9.59
05-01-2022,48.42,98.14,5.7,22.64,0.48,9.85
06-01-2022,33.49,77.74,5.61,16.62,0.39,10.15
07-01-2022,29.69,72.35,5.75,16.29,0.39,10.78
08-01-2022,31.69,69.38,5.6,14.95,0.38,10.63
09-01-2022,29.85,62.42,5.45,15.28,0.34,10.11
10-01-2022,31.2,76.42,5.84,19.19,0.4,11.23
11-01-2022,20.94,63.45,5.78,18.15,0.4,11.53
12-01-2022,37.91,88.82,5.86,22.23,0.64,11.33
13-01-2022,37.54,109.56,5.73,27.41,0.78,10.92
14-01-2022,40.24,134.83,5.65,28.03,0.94,12.99
15-01-2022,34.03,104.52,5.72,23.71,0.57,14.29
16-01-2022,19.6,43.54,5.59,11.8,0.29,13.57
17-01-2022,15.18,71.25,5.57,14.67,0.35,11.34
18-01-2022,21.62,81.17,5.71,19.24,0.4,11.07
19-01-2022,33.67,95.3,5.72,23.59,0.55,12.02
20-01-2022,69.55,201.6,5.87,38.05,1.24,17.05
21-01-2022,64.82,203.14,5.86,41.13,1.08,15.2
22-01-2022,65.62,202.79,5.65,36.2,1.12,18.92
23-01-2022,35.7,124.09,5.65,28.26,0.91,21.82
24-01-2022,27.38,95.37,5.7,30.86,0.41,23.41
25-01-2022,45.74,137.97,5.91,26.35,0.33,27.98
26-01-2022,33.99,95.65,5.72,19.67,0.2,22.23
27-01-2022,29.71,75.26,5.9,20.1,0.19,26.13
28-01-2022,37.08,115.2,5.68,20.28,0.29,23.72
29-01-2022,42.6,124.92,5.93,20.72,0.41,19.71
30-01-2022,36.82,101.27,5.88,19.57,0.42,20.33
31-01-2022,46.88,130.62,5.77,28.46,0.68,17.43
01-02-2022,53.83,128.62,5.76,23.05,0.49,16.14
02-02-2022,54.08,132.59,5.81,26.63,0.52,17.06
03-02-2022,66.08,153.09,5.88,33.57,0.83,16.85
04-02-2022,46.25,146.27,5.74,37.97,1.21,16.48
05-02-2022,54.85,140.86,5.9,26.73,0.68,20.71
06-02-2022,40.34,86.4,5.77,17.64,0.35,17.71
07-02-2022,38.22,95.88,5.69,23.47,0.5,14.97
08-02-2022,38.25,105.66,5.76,21.74,0.4,13.73
09-02-2022,37.07,99.06,5.98,21.25,0.37,12.57
10-02-2022,31.66,99.16,5.82,26.82,0.46,9.8
11-02-2022,30.87,116.69,5.9,28.41,0.43,9.74
12-02-2022,23,72.54,5.79,22.1,0.36,10.83
13-02-2022,27.74,76.02,5.72,21.59,0.36,10.9
14-02-2022,33.82,94.11,5.74,24.39,0.42,10.25
15-02-2022,42.48,108.74,5.69,24.03,0.39,10.44
16-02-2022,42.17,107.66,5.74,24.94,0.4,10.26
17-02-2022,45.75,112.39,5.93,26.17,0.39,9.76
18-02-2022,33.98,89.38,5.78,23.86,0.32,9.35
19-02-2022,29.97,78.66,5.72,21.99,0.34,9.14
20-02-2022,54.29,151.79,5.93,36.72,0.83,9.01
21-02-2022,56.49,172.08,5.85,43.11,1.03,10.24
22-02-2022,57.3,129.09,6.31,25.38,0.49,12.94
23-02-2022,25.91,75.66,5.62,20.56,0.32,10.47
24-02-2022,17.83,60.52,5.66,19.23,0.28,9.35
25-02-2022,22.5,65,5.64,20.05,0.32,10.47
26-02-2022,None,None,None,None,None,None
27-02-2022,None,None,None,None,None,None
28-02-2022,None,None,None,None,None,None
01-03-2022,None,None,None,None,None,None
02-03-2022,17.51,89.33,6.03,22.74,0.44,7.41
03-03-2022,41.04,126.88,6.11,35.98,0.63,12.28
04-03-2022,32.91,126.67,5.9,28.96,0.42,11.12
05-03-2022,25.93,95.53,5.72,28.01,0.42,11.85
06-03-2022,22.12,85.23,5.84,22.94,0.37,11.08
07-03-2022,21.25,64.53,5.82,19.71,0.36,10.56
08-03-2022,35.8,91.82,5.77,19.25,0.35,10.85
09-03-2022,44.35,104.89,5.79,22.11,0.41,9.16
10-03-2022,48.89,109.38,6.22,22.07,0.42,8.08
11-03-2022,45.79,138.05,6.11,23.26,0.62,5.23
12-03-2022,48.64,145.94,6.08,23.27,0.56,4.2
13-03-2022,50.06,134.03,6.53,19.05,0.48,3.76
14-03-2022,58.59,151.71,6.08,17.39,0.55,2.04
15-03-2022,66,187.87,6.36,16,0.82,2.31
16-03-2022,70.04,201.12,6.08,7.8,0.87,73.49
17-03-2022,72.66,203.42,6.13,6.68,0.85,20.22
18-03-2022,59.29,159,5.91,12.79,0.75,21.57
19-03-2022,50.82,133.31,5.65,15.84,0.75,17.58
20-03-2022,37.45,104.46,5.66,15.68,0.65,16.92
21-03-2022,40.4,110.66,5.76,14.73,0.72,18.66
22-03-2022,44.7,110.85,5.68,15.5,0.8,19.07
23-03-2022,59.05,144.67,5.92,17.34,0.63,23.2
24-03-2022,52.31,118.1,5.85,19.1,0.5,12.31
25-03-2022,43.08,106.29,5.71,18.77,0.47,12.44
26-03-2022,42.38,118.2,5.72,18.48,0.46,12.15
27-03-2022,42.73,136.29,5.75,18.39,0.48,11.99
28-03-2022,53.24,113.48,5.87,17.56,0.49,12.97
29-03-2022,58.84,131.33,5.91,17.5,0.56,13.84
30-03-2022,66.14,151.25,5.9,14.05,0.76,19.78
31-03-2022,60.4,140.03,5.82,13.82,0.75,20.32
01-04-2022,69.64,124.57,5.75,14.38,0.71,18.77
02-04-2022,60.93,115.76,5.68,16.73,0.54,16.23
03-04-2022,48.74,98.75,5.73,18.61,0.38,11.02
04-04-2022,47.45,105.05,6.02,19.47,0.35,10.13
05-04-2022,46.08,101.95,6.22,18.53,0.37,11.19
06-04-2022,53.84,119.85,6.53,18.28,0.4,12.63
07-04-2022,58.87,123.38,6.31,18.37,0.49,12.31
08-04-2022,35.12,88.36,6.01,19.82,0.38,9.11
09-04-2022,32.36,94.34,6.2,18.91,0.33,10.02
10-04-2022,32.33,81.17,5.85,16.05,0.45,13.48
11-04-2022,31,84.84,5.75,18.45,0.34,10.79
12-04-2022,21.37,69.08,5.77,18.25,0.32,10.23
13-04-2022,12.8,71.6,5.96,16.01,0.41,12.83
14-04-2022,29.8,76.63,5.72,14.94,0.51,16.75
15-04-2022,31.46,79.04,5.55,8.54,0.65,26.6
16-04-2022,49.67,122.11,5.61,12.96,0.68,24.02
17-04-2022,68.33,111.33,5.65,15.81,0.62,18.31
18-04-2022,41.98,93.81,5.62,11.84,0.75,25.35
19-04-2022,47.51,119.9,5.72,14.84,0.72,23.3
20-04-2022,59.46,125.01,5.69,17.68,0.52,18.34
21-04-2022,61.86,125.86,5.88,20.15,0.35,11.36
22-04-2022,54.96,101.71,6.12,10.34,0.32,11.92
23-04-2022,45.06,74.81,6.27,12.07,0.28,11.33
24-04-2022,None,None,None,None,None,None
25-04-2022,None,None,None,None,None,None
26-04-2022,None,None,None,None,None,None
27-04-2022,None,None,None,None,None,None
28-04-2022,None,None,None,None,None,None
29-04-2022,None,None,None,None,None,None
30-04-2022,None,None,None,None,None,None
01-05-2022,37.78,60,5.58,None,0.53,34.07
02-05-2022,51.55,143.18,5.72,6.52,0.41,27.19
03-05-2022,37.43,109.26,5.61,14.38,0.26,20.49
04-05-2022,37,100.13,5.65,17.81,0.34,17.39
05-05-2022,47.68,93.86,5.65,18.26,0.44,14.32
06-05-2022,51.3,102.41,5.55,16.01,0.47,17.46
07-05-2022,63.41,140.11,5.54,13.11,0.49,16.76
08-05-2022,53.54,124.34,5.57,14.78,0.37,12.89
09-05-2022,68.73,144.42,5.56,15.38,0.35,11.99
10-05-2022,51.35,99.9,5.76,11.08,0.43,15.71
11-05-2022,37.4,118.92,5.66,12.36,0.29,13.61
12-05-2022,36.68,60.69,5.65,9.96,0.29,12.94
13-05-2022,26.14,99.1,5.45,8.03,0.32,12.36
14-05-2022,30.24,140.78,5.63,8.24,0.39,16.92
15-05-2022,31,136.78,5.55,9.33,0.37,13.89
16-05-2022,25.24,118.3,5.5,7.43,0.33,15.25
17-05-2022,27.85,85.62,5.46,9.12,0.43,13.18
18-05-2022,6,8,5.5,13.9,0.51,3
19-05-2022,None,None,None,None,None,None
20-05-2022,None,None,None,None,None,None
21-05-2022,None,None,None,None,None,None
22-05-2022,None,None,None,None,None,None
23-05-2022,None,None,None,None,None,None
24-05-2022,None,None,None,None,None,None
25-05-2022,None,None,None,None,None,None
26-05-2022,None,None,None,None,None,None
27-05-2022,None,None,None,None,None,None
28-05-2022,None,None,None,None,None,None
29-05-2022,None,None,None,None,None,None
30-05-2022,None,None,None,None,None,None
31-05-2022,None,None,None,None,None,None
01-06-2022,None,None,None,None,None,None
02-06-2022,None,None,None,None,None,None
03-06-2022,28.11,111.41,5.99,8.64,1.03,15.09
04-06-2022,28.79,114.2,5.72,10.28,0.95,14.39
05-06-2022,29.57,132.66,5.59,10.99,1.14,11.67
06-06-2022,22.46,127.74,5.56,12.99,1.02,13.53
07-06-2022,30.35,150.7,5.9,10.49,0.79,16.79
08-06-2022,23.11,166.7,5.93,7.57,0.98,20.41
09-06-2022,20.45,138.2,5.87,8.96,0.64,18.23
10-06-2022,18.98,133.94,5.85,9.11,0.46,18.84
11-06-2022,18.4,115.18,5.88,8.7,0.43,17.49
12-06-2022,10.98,78.71,5.81,11.39,0.4,14.03
13-06-2022,15,78.16,5.94,8.57,0.42,17.46
14-06-2022,15.23,72.89,5.77,9.66,0.41,16.9
15-06-2022,18.55,70.56,5.89,7.22,0.49,18.81
16-06-2022,18.79,88.44,5.72,9.1,0.44,17.59
17-06-2022,14.78,52.07,5.72,15.84,0.58,10.69
18-06-2022,16.32,56.3,5.94,10.63,0.53,15.16
19-06-2022,11.16,76.35,5.83,11.27,0.42,13.77
20-06-2022,15.4,60.76,5.74,10.62,0.51,14.72
21-06-2022,12.59,63.61,5.6,9.78,0.28,16.41
22-06-2022,14.12,72.59,5.67,9.27,0.77,16.31
23-06-2022,15.03,88.23,5.6,7.14,0.76,18.87
24-06-2022,12.94,89.05,5.71,7.43,0.67,18.5
25-06-2022,17.22,107.34,5.62,6.57,0.82,19.82
26-06-2022,17.78,103.44,5.58,8.59,0.6,17
27-06-2022,17.7,96.2,5.65,6.91,0.73,19.18
28-06-2022,16.55,94.66,5.58,5.45,0.72,20.8
29-06-2022,12.25,71.83,5.52,6.41,0.87,20.76
30-06-2022,13.46,78.28,5.57,5.08,0.78,19.81
01-07-2022,19.3,115.85,5.69,4.91,0.85,20.68
02-07-2022,23.96,134.26,5.56,5.49,0.96,20.43
03-07-2022,13.92,88.73,5.58,7.12,0.6,16.77
04-07-2022,13.18,71.34,5.55,7.8,0.73,18
05-07-2022,13.76,70.87,5.52,7.66,0.74,19.43
06-07-2022,19,99.9,5.84,6.4,0.91,21.48
07-07-2022,14.43,72.95,5.64,7,0.89,20.25
08-07-2022,17.19,87.25,5.7,7.13,0.91,20.59
09-07-2022,15.96,49.22,5.6,8.38,0.96,19.01
10-07-2022,10.03,47.19,5.53,13.11,0.67,12.69
11-07-2022,11.68,47.92,5.46,12.61,0.8,14.93
12-07-2022,17.11,98.92,5.51,11.46,0.68,16.33
13-07-2022,13.84,76.82,5.56,10.69,0.74,17.54
14-07-2022,13.25,46.34,5.3,10.27,0.77,18.18
15-07-2022,15.72,88.04,5.63,11.01,0.79,17.22
16-07-2022,13.41,84.94,5.57,12.83,0.87,14.01
17-07-2022,13.61,88.09,5.51,14.1,0.69,11.82
18-07-2022,16.36,69.2,5.62,14.03,0.86,12.23
19-07-2022,21.64,130.19,5.59,13,0.94,13.49
20-07-2022,26.55,140.51,5.52,12.82,1.09,13.81
21-07-2022,24.91,126.07,5.54,12.7,1.18,14.14
22-07-2022,25.15,146.57,5.67,12.95,1.08,14.1
23-07-2022,20.68,114.81,5.6,14.02,0.95,12.51
24-07-2022,16.29,94.97,5.52,15.51,0.74,10.22
25-07-2022,20.29,108.79,5.55,14.8,0.98,11.5
26-07-2022,20.68,102.81,5.46,14.84,0.99,11.6
27-07-2022,21.81,65.53,5.55,16.48,0.73,9.03
28-07-2022,24.5,69.03,5.55,17.35,0.91,7.65
29-07-2022,35.47,88.4,5.59,18.36,0.57,5.89
30-07-2022,19.68,96.55,5.61,17.84,0.91,7.06
31-07-2022,18.78,55.64,5.56,18.08,1.12,6.72
01-08-2022,19.32,69.23,5.5,9.14,0.85,17.52
02-08-2022,17.59,50.49,5.61,9.59,1.03,20.46
03-08-2022,23.47,51.26,5.65,11.19,1.6,23.81
04-08-2022,23.62,44.82,5.5,8.77,1.16,24.55
05-08-2022,9.78,21.25,5.55,13.74,0.53,16.08
06-08-2022,13.41,53.33,5.5,10.46,0.86,19.66
07-08-2022,9.9,44.08,5.47,12.72,0.66,17.14
08-08-2022,15.41,80.8,5.63,12.29,0.79,19.33
09-08-2022,18.49,60.61,5.45,11.52,0.81,18.42
10-08-2022,20.79,148.13,5.47,11.28,0.73,18.95
11-08-2022,19.86,156.45,5.59,7.72,0.77,23.37
12-08-2022,18.41,130.91,5.56,8.31,0.85,23.39
13-08-2022,19.68,130.17,5.49,9.31,0.74,22.07
14-08-2022,17.27,99.42,5.53,10.26,0.59,20.89
15-08-2022,17.74,71.89,5.51,13.6,0.63,17.52
16-08-2022,26.68,105.45,5.62,11.86,0.96,22.53
17-08-2022,26.02,114.73,5.48,10.5,0.89,21.93
18-08-2022,22.36,111.42,5.61,10.39,0.97,23.24
19-08-2022,21.56,108.53,5.48,8.61,0.86,23.81
20-08-2022,21.45,110.58,5.62,9.03,0.78,22.26
21-08-2022,14.62,76.8,5.6,11.49,0.74,19.58
22-08-2022,18.96,94.45,5.51,10.08,0.92,21.05
23-08-2022,18.89,106.91,5.55,13.89,0.82,17.35
24-08-2022,19.28,105.7,5.58,11.52,0.93,19.87
25-08-2022,24.3,115.55,5.54,9.97,1.09,23.78
26-08-2022,22.59,51.03,5.41,11.34,1.44,26.14
27-08-2022,20.2,62.88,5.45,10.95,1.01,20.83
28-08-2022,14.86,67.95,5.45,13.62,0.76,17.79
29-08-2022,23.37,62.85,5.57,13.99,1.09,18.43
30-08-2022,23.33,50.15,5.39,19.77,0.53,11.13
31-08-2022,16.29,34.87,5.51,19.75,0.47,10.41
01-09-2022,17.83,42.16,5.55,16.61,0.74,14.1
02-09-2022,22.87,70.54,5.57,16.67,0.85,15.58
03-09-2022,27.65,102.02,5.43,16.31,0.83,15.37
04-09-2022,20.21,78.48,5.55,14.74,0.86,16.91
05-09-2022,15.38,28.63,5.43,17.17,0.76,14.19
06-09-2022,16.16,43.06,5.62,15.38,0.76,15.83
07-09-2022,13.04,45.07,5.51,12.6,0.73,18.12
08-09-2022,10.49,45.74,5.35,11.27,0.71,19.36
09-09-2022,11.02,68.4,5.32,12,0.57,18.36
10-09-2022,None,None,None,None,None,None
11-09-2022,None,None,None,None,None,None
12-09-2022,None,None,None,None,None,None
13-09-2022,16.81,87.14,5.72,4.17,1.44,27.88
14-09-2022,17.33,97.88,5.69,11.08,0.75,19.78
15-09-2022,20.18,141.02,5.78,9.82,0.88,21.75
16-09-2022,23.09,162.17,5.62,9.7,0.85,21.34
17-09-2022,24.83,149.45,5.67,9.03,0.91,22.91
18-09-2022,20.01,132.52,5.82,11.49,0.79,19.43
19-09-2022,23.11,158.96,5.83,7.76,0.89,23.37
20-09-2022,27.96,166.22,5.7,7.18,0.86,24.57
21-09-2022,28.51,164.65,5.87,6.92,1.23,29.28
22-09-2022,27.54,157.34,5.86,10.05,0.87,21.56
23-09-2022,28.77,147.2,5.84,12.42,0.93,19.06
24-09-2022,21.2,115.21,5.8,11.87,1.05,19.33
25-09-2022,22.29,115.55,5.68,16.81,1.07,17.67
26-09-2022,29.91,134.52,5.8,12.61,1.28,21.74
27-09-2022,24.21,120.5,5.7,15.22,0.86,15.73
28-09-2022,None,None,None,None,None,None
29-09-2022,None,None,None,None,None,None
30-09-2022,None,None,None,None,None,None
01-10-2022,None,None,None,None,None,None
02-10-2022,None,None,None,None,None,None
03-10-2022,None,None,None,None,None,None
04-10-2022,35.91,159.18,5.71,5.65,0.84,46.46
05-10-2022,33.97,127.54,5.59,11.4,0.95,49.68
06-10-2022,28.99,106.88,5.52,11.8,0.95,49.16
07-10-2022,29.5,123.38,5.49,9.74,0.77,32.67
08-10-2022,26.67,104,5.25,15.84,0.9,26.71
09-10-2022,21.84,77.79,5.55,23.61,1.27,18.93
10-10-2022,16.2,41.48,5.48,21.2,0.91,16.25
11-10-2022,17.82,50.65,5.59,14.49,0.56,10.96
12-10-2022,23.03,97.38,5.53,12.24,0.86,14.24
13-10-2022,18.65,62.49,5.51,14.6,0.6,12.33
14-10-2022,35.64,104.3,5.83,15.34,1.52,8.56
15-10-2022,14.31,40.37,5.71,17.55,0.81,5.53
16-10-2022,17.14,34.74,5.66,18.24,0.59,5.24
17-10-2022,8.86,25.24,5.6,19.3,0.46,4.1
18-10-2022,22.15,58.73,5.78,16.07,0.98,7.93
19-10-2022,20.15,87.47,5.6,16.95,0.72,7.32
20-10-2022,22.09,62.49,5.51,16.73,0.74,7.42
21-10-2022,20.76,79.05,5.69,16.13,0.56,6.24
22-10-2022,38.73,140.2,5.68,5.79,0.79,17.78
23-10-2022,57.85,179.83,6.41,10.58,0.93,18.53
24-10-2022,115.78,229.37,9.32,21.29,0.95,17.97
25-10-2022,110.94,261.92,9.7,14.38,1.24,40.94
26-10-2022,114.95,260.36,9.19,18.62,1.33,44.1
27-10-2022,46.85,167.09,7.79,18.72,0.97,35.1
28-10-2022,37.84,103.86,5.88,11.5,0.59,21.54
29-10-2022,34.29,73.28,5.72,13.93,0.54,11.32
30-10-2022,36.79,77.6,5.87,13.42,0.61,11.74
31-10-2022,53.72,138.2,6.01,12.03,0.74,15.69
01-11-2022,38.66,93.48,5.88,12.82,0.61,12.9
02-11-2022,11.94,55.93,5.81,11.04,0.6,15.38
03-11-2022,11.31,56.86,5.75,12.2,0.42,12.24
04-11-2022,11.67,43.86,5.61,13.17,0.47,10.51
05-11-2022,18.59,44.76,5.6,13.73,0.48,9.77
06-11-2022,33.53,80.5,5.69,13.92,0.51,9.58
07-11-2022,55.43,133.04,5.81,11.54,1.05,19.9
08-11-2022,48.73,116.94,5.71,11.44,0.93,18.57
09-11-2022,55.42,132.96,5.76,14.46,1.11,8.13
10-11-2022,44.88,107.69,5.57,12.3,0.56,16.06
11-11-2022,57.41,137.83,5.69,11.88,0.68,19.96
12-11-2022,22.88,54.99,5.61,10.41,0.68,20.12
13-11-2022,7.09,16.96,5.59,10.2,0.47,17.87
14-11-2022,11.29,26.96,5.67,10.2,0.5,18.28
15-11-2022,38.11,91.45,5.65,10.97,0.69,19.71
16-11-2022,59.72,143.32,5.62,10.28,0.88,25.69
17-11-2022,69.8,167.6,5.88,9.83,1.18,38.37
18-11-2022,61.56,147.88,5.77,9.56,1.14,45.04
19-11-2022,59.22,141.99,5.77,9.97,0.84,31.96
20-11-2022,60.68,145.58,5.61,8.68,0.94,36.88
21-11-2022,63.21,151.7,5.92,10.9,0.83,32.06
22-11-2022,28.41,68.2,5.71,9.04,0.82,24.22
23-11-2022,24.42,58.59,5.74,7.49,1.06,31.99
24-11-2022,20.03,48.03,5.55,11.5,0.71,16.99
25-11-2022,36.29,87.08,5.67,12.88,0.69,18.63
26-11-2022,26.3,63.15,5.62,12.52,0.52,14.95
27-11-2022,42.66,102.46,5.76,14.49,0.45,10.45
28-11-2022,65.76,157.89,5.88,13.41,0.79,15.22
29-11-2022,83.91,201.34,5.75,13.45,0.81,17.55
30-11-2022,69.24,166.05,5.74,13.48,0.82,19.3
01-12-2022,58.16,139.48,5.68,12.73,0.73,15.81
02-12-2022,34.96,83.92,5.62,13.23,0.74,18.32
03-12-2022,17.56,42.14,5.54,12.65,0.44,12.97
04-12-2022,17.53,42.24,5.76,14.13,0.4,9.63
05-12-2022,55.41,132.92,5.76,14.5,0.59,11.87
06-12-2022,72.33,173.64,5.85,12.71,0.81,17.83
07-12-2022,65.97,158.3,6.02,11.78,1.22,37.56
08-12-2022,66.91,160.54,5.83,8.53,0.98,31.87
09-12-2022,63.53,152.5,5.86,10.19,0.99,26.46
10-12-2022,29.67,71.28,5.69,6.35,1.09,31.56
11-12-2022,23,55,5.28,None,0.59,45.5
12-12-2022,None,None,None,None,None,None
13-12-2022,10.43,24.9,5.59,0.59,0.49,46.19
14-12-2022,16.74,40.2,5.5,8.13,0.67,55.64
15-12-2022,17.55,42.14,5.36,14.25,0.3,60.04
